Zone	ID	Name	Level	Req	Exp
Westfall	79008	... and that note you found	22	14	1750
Zephras Isle	94414	The Anchors of Zephras	2	2	90
The Hall of Thanes	96393	Old Ironforge Incursion	Dungeon 16	9	1450
Special	78150	Friend of the Library	20	1	160
Elwynn Forest	91733	Downstream	10	7	630
Druid	272	Trial of the Sea Lion	16	16	880
Wetlands	469	Daily Delivery	21	18	830
Paladin	1654	The Test of Righteousness	Dungeon 22	20	870
The Deadmines	166	The Defias Brotherhood	Dungeon 22	14	2600
Dun Morogh	96391	Underground Map	15	9	1050
Elwynn Forest	99130	An Enticing Offer	7	4	630
Dun Morogh	98326	Frosthowl	9	5	780
Paladin	1806	The Test of Righteousness	22	20	2200
Westfall	155	The Defias Brotherhood	18	14	1700
Loch Modan	86614	Silver of the Waves	20	13	1550
Dun Morogh	98319	Secure the Mountain	8	4	180
The Hall of Thanes	96403	Important Heirlooms	Dungeon 15	10	1350
The Deadmines	214	Red Silk Bandanas	Dungeon 17	14	1250
Rogue	78261	The Horn of Xelthos	23	1	1850
The Hall of Thanes	96394	The Restless Dead	Dungeon 15	10	1050
Ruins of Lordaeron	95189	Crest of Lordaeron	Dungeon 22	16	2600
Dun Morogh	99162	Treacherous Cold	8	5	700
Elwynn Forest	91772	Shhh! We're Hunting Kobolds	4	1	270
Westfall	92753	Destruction in Deadmines	Dungeon 18	9	1350
Blackfathom Deeps	971	Knowledge in the Deeps	Dungeon 23	10	2750
Dun Morogh	98423	The Treaty of Understanding	16	9	1150
Stormwind City	373	The Unsent Letter	Dungeon 22	16	870
Ruins of Lordaeron	95250	Abominable Creatures	Dungeon 21	16	1650
Wailing Caverns	959	Trouble at the Docks	Dungeon 18	14	1350
Westfall	92819	Destruction in Deadmines	18	9	680
Wailing Caverns	1491	Smart Drinks	Dungeon 18	13	1350
Rogue	78307	The Horn of Xelthos	23	1	2300
Elwynn Forest	91775	Book Return	Elite 6	1	680
Ruins of Lordaeron	92415	Remember That I Love You	Dungeon 22	15	2600
The Deadmines	2040	Underground Assault	Dungeon 20	15	1550
Zephras Isle	92643	The Turncoat	11	6	660
The Deadmines	167	Oh Brother...	Dungeon 20	15	1550
Wailing Caverns	1487	Deviate Eradication	Dungeon 21	15	2050
Druid	6122	The Principal Source	14	14	740
Ruins of Lordaeron	95195	Bloodied Insignia	Dungeon 22	16	2600
Druid	98404	The Great Windborne Cat Spirit	20	20	780
Wetlands	463	The Greenwarden	21	20	830
The Barrens	97005	Chol'aruk the Ravener	Elite 21	15	2050
Camping	95998	The Great Outdoors	6	4	410
The Deadmines	168	Collecting Memories	Dungeon 18	14	1350
Westfall	142	The Defias Brotherhood	18	14	1350
Darkshore	98028	Baron Marinous	21	17	2050
Anvilmar	97277	Grund and Gozwin	6	4	410
Wailing Caverns	1486	Deviate Hides	Dungeon 17	13	1600
Duskwood	96139	The Valor Family	22	18	1750
Zephras Isle	94896	Aid For The Refugees	11	8	880
Redridge Mountains	116	Dry Times	15	12	1050
Druid	5061	Aquatic Form	16	16	1150
Westfall	140	Captain Sander's Hidden Treasure	16	10	1150
Special	79097	Baxtan: On Destructive Magics	20	1	160
Westfall	92749	A Dynamite Plan	16	9	580
Loch Modan	86667	Snowbound	10	10	420
Druid	98396	The Great Cat Spirit	20	20	780
The Barrens	865	Raptor Horns	18	13	1350
Westfall	65	The Defias Brotherhood	18	14	1350
Loch Modan	86585	Banner of the Fallen	17	10	1250
Warlock	65602	What Is Love?	20	20	1550
Redridge Mountains	3741	Hilary's Necklace	15	12	1350
Paladin	1653	The Test of Righteousness	Dungeon 21	20	830
Special	78143	Secrets of the Dreamers	20	1	160
Special	79093	Rumi of Gnomeregan: The Collected Works	20	1	160
Redridge Mountains	98387	Blackrock Blockade	21	18	1650
Shaman	94495	Call of Water	22	20	440
Wetlands	484	Young Crocolisk Skins	22	18	1750
Shaman	94503	Call of Water	23	20	190
Westfall	92742	Testing the Wells	12	9	460
Westfall	92752	Explosive Consultation	16	9	580
Elwynn Forest	91777	Rare Books	Elite 7	1	790
Westfall	92747	Moonbrook Espionage	15	9	540
Druid	98393	The Great Cat Spirit	20	20	390
Westfall	92909	Harvesting the Harvesters	15	8	800
Wetlands	98282	Alchemical Hazards	22	20	1750
Dun Morogh	98323	Secure the Mountain	8	4	70
Paladin	1442	Seeking the Kor Gem	Dungeon 22	20	440
Riverglades	95161	Remember That I Love You	22	15	180
Camping	96608	The Great Outdoors	6	4	410
Westfall	136	Captain Sander's Hidden Treasure	16	10	580
Zephras Isle	94897	The Fate of a Loved One	11	8	880
Westfall	92750	Detonation at a Distance	16	9	580
Dun Morogh	98322	Secure the Mountain	8	4	70
Zephras Isle	93835	Confront Lorthuna	12	7	460
Redridge Mountains	248	Looking Further	Elite 22	20	1300
Druid	98341	The Great Windborne Cat Spirit	20	20	780
Zephras Isle	94946	The Magical City of Dalaran	13	7	90
Shaman	94502	Call of Water	23	20	1400
Westfall	92744	Murloc Gills	12	9	460
Westfall	92745	The State of the Mines	14	9	490
Warlock	1716	Devourer of Souls	20	20	780
Druid	94638	Strength and Mercy	10	10	840
Wetlands	98197	Spoils of War	22	18	1750
Redridge Mountains	98407	Show of Force	17	11	950
Zephras Isle	93927	A Last Request	8	5	530
Teldrassil	99050	The Great Tree Provides	10	4	840
Wetlands	277	Fire Taboo	23	20	1850
Westfall	139	Captain Sander's Hidden Treasure	16	10	580
Dun Morogh	96408	A Visitor to Dun Morogh	13	9	680
Wetlands	276	Tramping Paws	21	20	1250
Dun Morogh	466	Search for Incendicite	22	20	1750
Redridge Mountains	115	Shadow Magic	Elite 23	18	2300
Shaman	94467	Call of Fire	14	10	1250
Stormwind City	97237	Shelf Picked	18	13	1000
Westfall	92748	Explosive Consultation	16	9	580
Westfall	141	The Defias Brotherhood	18	14	340
Zephras Isle	93318	WANTED: Vulgara the Insatiable	Elite 9	4	780
Dun Morogh	96390	Nip 'Em in the Bud	13	9	910
Stormwind City	389	Bazil Thredd	22	16	440
Stormwind City	97222	Gatehouse Goods	15	9	800
Stormwind City	93963	Exploring the Alliance	13	7	1150
Shaman	94468	Call of Fire	14	10	1250
Special	78146	Goaz Scrolls	20	1	160
Shaman	94505	Call of Water	23	20	2750
Druid	29	Trial of the Lake	16	16	880
Shaman	94499	Call of Water	22	20	1300
Shaman	94500	Call of Water	23	20	1400
Special	78142	Bewitchments and Glamours	20	1	160
Zephras Isle	92880	Return to Valanaar	11	6	440
Westfall	138	Captain Sander's Hidden Treasure	16	10	580
Druid	6125	Power over Poison	14	14	980
Druid	98394	The Great Cat Spirit	20	20	780
Zephras Isle	93949	Bugged	8	6	700
Special	78145	Arcanic Systems Manual	20	1	160
Druid	98738	Blessings of the Great Windborne Cat Spirit	20	20	780
Zephras Isle	93165	Mercy Falls on Deaf Ears	13	8	910
Westfall	132	The Defias Brotherhood	18	14	680
Shaman	94501	Call of Water	23	20	460
Shaman	94497	Call of Water	22	20	870
Dun Morogh	95214	Stolen Blasting Powder	10	7	840
Paladin	1655	Bailor's Ore Shipment	Elite 22	20	440
Shaman	94466	Call of Fire	14	10	980
Stonetalon Mountains	1080	Covert Ops - Beta	22	17	2200
Elwynn Forest	91741	Nibbled-On Book	2	1	90
Redridge Mountains	178	Theocritus' Retrieval	23	15	1400
Westfall	14	The People's Militia	17	9	1600
Druid	26	A Lesson to Learn	16	16	120
Westfall	92751	Detonation at a Distance	16	9	580
Redridge Mountains	98386	Alther's Mill	21	15	1650
Druid	6123	Gathering the Cure	14	14	740
Special	79092	Archmage Theocritus' Research Journal	20	1	160
Zephras Isle	98512	Al'Aketh Assassins	11	6	880
Westfall	135	The Defias Brotherhood	18	14	680
Redridge Mountains	20	Blackrock Menace	21	18	1650
Druid	98731	Blessings of the Great Cat Spirit	20	20	780
Elwynn Forest	91736	Applejack Still	-	0	0
Elwynn Forest	91738	An Apple Treat	10	7	630
Zephras Isle	92640	Desperate Times	11	6	660
Druid	98397	To Darnassus	20	20	160
Redridge Mountains	94	A Watchful Eye	21	20	1250
Stonetalon Mountains	1079	Covert Ops - Alpha	22	17	2200
Darkshore	5321	The Sleeper Has Awakened	20	17	1550
Westfall	104	The Coastal Menace	20	15	1550
Dun Morogh	96392	Farsen's Watch	13	9	680
Redridge Mountains	146	Messenger to Darkshire	18	18	340
Westfall	117	Thunderbrew	15	0	0
Elwynn Forest	91743	Rascally Rodents	2	1	170
Elwynn Forest	91753	An Enchanting Lesson	7	5	480
Zephras Isle	92679	Blood Tithe	9	5	390
Zephras Isle	92947	Making Our Move	12	7	910
Teldrassil	99073	Easing Suffering	10	4	90
Darkshore	87760	Holy Diver	20	15	0
Zephras Isle	92840	Catching Wind	11	5	880
Ironforge	2041	Speak with Shoni	15	15	270
Loch Modan	283	A Dark Threat Looms	20	16	1950
Shaman	94494	Call of Water	20	20	780
Stormwind City	97234	Reading Room	18	13	680
Elwynn Forest	91758	Follow That Kobold!	4	1	180
Zephras Isle	92597	Reading the Ley Lines	4	2	180
Zephras Isle	92528	Among the Faithful	8	5	350
Rogue	2609	The Touch of Zanzil	20	20	1150
Shaman	94449	Call of Fire	10	10	420
Mage	1920	Investigate the Blue Recluse	16	15	1150
Stonetalon Mountains	1094	Further Instructions	21	16	830
Wetlands	1132	Fiora Longears	20	18	780
Stormwind City	97220	Philmor's Favor	15	9	540
Zephras Isle	93159	The Strange Hermit	13	8	230
Warlock	1689	The Binding	10	10	630
Zephras Isle	93459	More Al'Aketh Ears	13	8	0
Darkshore	97926	Making Do	17	13	130
Camping	96101	The Great Outdoors	6	4	410
Dun Morogh	287	Frostmane Hold	9	7	590
Dun Morogh	95041	Data Hoarders	10	7	630
Loch Modan	278	A Dark Threat Looms	Elite 18	16	1350
Loch Modan	217	In Defense of the King's Lands	17	10	1600
Redridge Mountains	124	A Baying of Gnolls	20	15	1150
Loch Modan	531	Vyrin's Revenge	Elite 20	15	1550
Darnassus	98067	Eyes of the Sentinels	11	1	660
Teldrassil	98403	Twisted Hatred	Elite 12	4	1150
Redridge Mountains	144	Messenger to Westfall	14	14	250
Teldrassil	483	The Relics of Wakening	9	4	780
Darkshore	1141	The Family and the Fishing Pole	14	10	980
Elwynn Forest	91740	Croaky's Head	10	7	840
Druid	94914	Moonglade	10	10	210
Darkshore	984	How Big a Threat?	14	10	740
Darkshore	944	The Master's Glaive	17	12	630
Zephras Isle	92850	The Missing Scholar	10	4	840
Druid	6121	Lessons Anew	14	14	100
Loch Modan	86758	Twisting the Knife	16	12	1150
Elwynn Forest	91752	The Big Picture	Elite 3	1	320
Shaman	94465	Call of Fire	11	10	660
Redridge Mountains	145	Messenger to Darkshire	18	18	1000
Loch Modan	256	WANTED: Chok'sul	Elite 22	17	1750
Elwynn Forest	91746	Elmpaw's Head	10	7	840
Redridge Mountains	118	The Price of Shoes	18	14	340
Elwynn Forest	176	WANTED: Hogger	Elite 11	5	880
Westfall	92911	Harvesting the Harvesters	15	8	800
Darkshore	97894	Business in Auberdine	17	13	0
Stormwind City	399	Humble Beginnings	15	10	1050
Zephras Isle	94369	The Fate of Zephras	12	7	90
Wetlands	279	Claws from the Deep	22	20	1750
Teldrassil	932	Twisted Hatred	8	4	700
Stormwind City	95065	Fishin' Time	12	7	910
Special	3861	CLUCK!	1	1	10
Westfall	92910	Harvesting the Harvesters	15	8	800
Zephras Isle	93926	The Western Watch	8	5	350
Druid	6124	Curing the Sick	14	14	740
Special	78149	Fury of the Land	20	1	160
Duskwood	245	Eight-Legged Menaces	21	17	1250
Dun Morogh	95217	The Quarry's Smith	10	7	630
Westfall	38	Westfall Stew	13	9	910
Zephras Isle	92553	Restocking the Larders	6	4	410
Camping	96606	The Great Outdoors	6	4	410
Duskwood	93	Dusky Crab Cakes	20	17	780
Teldrassil	99053	Escaping Ban'ethil	9	4	0
Stonetalon Mountains	1093	Super Reaper 6000	21	16	1650
Wetlands	98461	Unrequited Love	21	18	170
Dun Morogh	467	Stonegear's Search	23	20	460
Darkshore	968	The Powers Below	20	10	1950
Priest	94824	Confounding Flash	10	10	210
Mage	93797	Boughs in the Wind	10	10	840
Cooking	4161	Recipe of the Kaldorei	7	1	630
Special	78147	Crimes Against Anatomy	20	1	160
Darkshore	731	The Absent Minded Prospector	20	15	1950
Darkshore	982	Deep Ocean Vast Sea	17	13	1250
Special	79091	Archmage Antonidas: The Unabridged Autobiography	20	1	160
Stormwind City	97914	Expanding Horizons	17	13	130
Warlock	1738	Heartswood	20	20	1550
The Barrens	888	Stolen Booty	16	9	1150
Warrior	92532	The Warrior's Path	2	2	90
Druid	94006	The Great Ursera Spirit	10	10	840
Zephras Isle	94489	The Wounds of Betrayal	12	8	910
Dun Morogh	95212	Never Saddle on Quality	10	7	630
Redridge Mountains	119	Return to Verner	18	13	680
Westfall	93928	Of Mice and Milk	15	15	110
Mage	1921	Gathering Materials	15	15	800
Zephras Isle	92849	The Missing Scholar	10	4	840
Zephras Isle	92683	Flutterfly Dust	9	5	590
Redridge Mountains	92	Redridge Goulash	18	15	1350
Darkshore	970	The Tower of Althalaxx	21	13	1650
The Barrens	1069	Deepmoss Spider Eggs	20	15	1950
Elwynn Forest	91751	Rough Wolf Pelts	7	5	480
Zephras Isle	93552	Harvesting Windstones	4	2	360
The Barrens	896	Miner's Fortune	18	13	1700
Elwynn Forest	91745	Mining Consultant	3	1	130
Westfall	92110	My First Real Potion	10	10	420
Zephras Isle	92517	The Criminal Element	7	4	480
Wetlands	98459	A Lack of Virtue	21	18	170
Rogue	2282	Alther's Mill	20	16	1550
Westfall	92109	My First Alchemy Set	10	10	420
Darkshore	4763	The Blackwood Corrupted	18	15	1700
Zephras Isle	92644	Unfortunate News	11	6	440
Zephras Isle	93065	Prepare for Battle	12	7	460
Westfall	103	Keeper of the Flame	16	10	1150
Druid	6001	Body and Heart	10	10	840
Zephras Isle	92881	The High Elder's Request	11	6	90
Shaman	94374	Call of Earth	4	4	270
Special	78127	The Dalaran Digest	20	1	160
Warrior	94003	The Skybreaker Bulwark	10	10	840
Teldrassil	98392	Darkness in the Glade	12	6	910
Zephras Isle	94568	The Cult's True Plans	11	6	440
Redridge Mountains	143	Messenger to Westfall	14	14	490
Elwynn Forest	99131	Baited for Success	7	4	630
Special	78124	Nar'thalas Almanac	20	1	160
Ashenvale	1024	Raene's Cleansing	21	18	830
Warlock	65603	The Binding	20	20	1150
Teldrassil	87288	Soft Saber Pelts	7	4	630
Zephras Isle	94485	Tears of the Lady	12	8	230
Dun Morogh	99158	Dawn in the Mountains	8	5	70
The Barrens	894	Samophlange	14	10	740
Elwynn Forest	91723	Delicate Instruments	10	7	630
Dun Morogh	99159	Finding Warmth	8	5	700
Zephras Isle	92470	Foul Matriarch	5	2	560
Shaman	94373	Call of Earth	4	4	270
The Barrens	902	Samophlange	16	10	1150
Stormwind City	94947	Welcome to Azeroth	13	7	680
Darkshore	98025	WANTED: Jai'vhanel	13	10	1150
Darnassus	2518	Tears of the Moon	12	5	1150
Special	78148	Runes of the Sorcerer-Kings	20	1	160
Elwynn Forest	123	The Collector	10	7	210
Elwynn Forest	91732	Good Steel	10	7	630
Darkshore	4740	WANTED: Murkdeep!	18	15	1700
Darkshore	993	A Lost Master	20	10	780
Zephras Isle	92460	Coming of Age	1	1	40
Zephras Isle	93089	What Comes Next	13	7	90
Hunter	94007	Taming the Beast	10	10	210
Redridge Mountains	125	The Lost Tools	16	15	880
Ashenvale	1023	Raene's Cleansing	21	18	1250
Westfall	184	Furlbrow's Deed	9	8	590
Loch Modan	454	After the Ambush	15	10	110
The Barrens	895	WANTED: Baron Longshore	16	11	1150
Elwynn Forest	91724	Delicate Instruments	10	7	840
Hunter	94978	Taming the Beast	10	10	840
Shaman	96243	Call of Earth	10	10	420
Dun Morogh	314	Protecting the Herd	Elite 12	6	910
Hunter	94792	Taming the Beast	10	10	840
Darkshore	98042	It's All Fun and Games Until...	17	12	1250
Westfall	13	The People's Militia	14	9	980
Dun Morogh	98321	Flintfire's Shipment	7	4	630
Zephras Isle	93461	Welcome to Shen'dar Village	6	4	140
Elwynn Forest	91725	Stolen Enchanting Supplies	10	7	630
Mage	97286	Research Access	20	1	0
Westfall	151	Poor Old Blanchy	14	9	1250
Priest	94825	Confounding Flash	10	10	210
Elwynn Forest	99143	Bottles and Baubles	7	4	630
Zephras Isle	93317	Crab Season	9	4	590
Elwynn Forest	99127	A Net Disaster	7	4	630
Stonetalon Mountains	1090	Gerenzo's Orders	Elite 22	17	2200
Shaman	94375	Call of Earth	4	4	450
Elwynn Forest	99128	Slimy Menace	7	4	630
The Barrens	1483	Ziz Fizziks	21	16	420
Paladin	1641	The Tome of Divinity	12	12	0
Zephras Isle	92860	In Service of Zephras	12	6	230
Westfall	9	The Killing Fields	15	8	1050
Redridge Mountains	89	The Everstill Bridge	20	15	1550
Warrior	1702	The Shieldsmith	22	20	440
Hunter	94864	Taming the Beast	10	10	840
Zephras Isle	93958	The Inner Sanctum	12	7	910
Stormwind City	353	Stormpike's Delivery	15	9	1050
Loch Modan	418	Thelsamar Blood Sausages	11	7	880
Teldrassil	2459	Ferocitas the Dream Eater	8	1	880
Druid	5923	Heeding the Call	10	10	90
Zephras Isle	92474	Falling With Style	2	2	90
Darkshore	98013	Swelling Forces	20	12	1550
Redridge Mountains	121	Messenger to Stormwind	14	14	250
Darkshore	985	How Big a Threat?	14	10	980
Zephras Isle	94491	The Fate of the Den	12	8	460
Darkshore	948	Onu	17	12	630
Darkshore	4813	The Fragments Within	14	12	980
Zephras Isle	92693	Standing Our Ground	9	5	200
Teldrassil	99046	The Lost Runner	9	4	80
Westfall	64	The Forgotten Heirloom	12	9	910
Redridge Mountains	122	Underbelly Scales	18	14	1700
Zephras Isle	92464	Elemental Unrest	3	2	30
Zephras Isle	92703	Deliver the News	9	5	590
Elwynn Forest	99129	A Man About a Murloc	7	4	70
Warlock	1739	The Binding	20	20	1150
Zephras Isle	92463	The Cirrusfly Queen	3	2	320
Night Elf	97979	The Goddess Provides	1	1	40
Westfall	12	The People's Militia	12	9	910
Teldrassil	99047	Not Dead Yet	9	4	80
Dun Morogh	99161	Rime's Wrath	8	5	700
Redridge Mountains	150	Murloc Poachers	20	20	1550
Zephras Isle	93320	Tower Defense	11	6	440
Loch Modan	161	A Dark Threat Looms	18	16	1350
Loch Modan	274	A Dark Threat Looms	18	16	340
Warrior	1699	The Rethban Gauntlet	22	20	1300
Loch Modan	280	A Dark Threat Looms	18	16	680
Zephras Isle	92645	Breaking the Breaker	11	6	660
Zephras Isle	93948	Deliver the Signet	9	6	390
Dun Morogh	95213	Stolen Blasting Powder	10	7	90
Teldrassil	97977	Nature's Call	3	1	250
Dun Morogh	3361	A Refugee's Quandary	3	3	250
Loch Modan	271	Vyrin's Revenge	Elite 20	15	780
Teldrassil	940	Teldrassil	11	6	440
Darkshore	963	For Love Eternal	16	11	880
Redridge Mountains	120	Messenger to Stormwind	14	14	490
Loch Modan	86613	Excavation Tools	18	13	1350
Darkshore	965	The Tower of Althalaxx	18	13	680
Zephras Isle	92544	Al'Aketh Thugs	5	2	560
Fishing	1579	Gaffer Jacks	12	10	460
Teldrassil	2499	Oakenscowl	Elite 9	4	980
Zephras Isle	92461	Harmony in Balance	1	1	80
Warrior	1638	A Warrior's Training	10	10	90
Loch Modan	2038	Bingles' Missing Supplies	15	12	1050
Zephras Isle	92529	Falaath Village	8	5	350
Loch Modan	307	Filthy Paws	15	9	1350
Ashenvale	1010	Bathran's Hair	20	20	780
Teldrassil	98065	Crown of the Earth	11	1	90
Westfall	22	Goretusk Liver Pie	12	9	910
Duskwood	5	Jitters' Growling Gut	20	17	390
Duskwood	163	Raven Hill	20	17	390
Darkshore	741	The Absent Minded Prospector	20	15	1150
Rogue	2607	The Touch of Zanzil	20	20	0
Zephras Isle	92515	The Problem With Prideclaws	6	4	540
Zephras Isle	94486	Feathers for Binding	11	8	880
Zephras Isle	92473	Aggressive Encroachment	4	3	360
Teldrassil	97236	Fang of Githyiss	5	1	450
Westfall	153	Red Leather Bandanas	15	10	1050
Warrior	1681	Ironband's Compound	11	10	660
Darkshore	2139	Tharnariun's Hope	18	10	1350
Elwynn Forest	92124	Book Inventory	2	1	20
Darkshore	4812	As Water Cascades	14	12	490
Hunter	6064	Taming the Beast	10	10	840
Zephras Isle	92550	Havoc in the Highlands	8	5	700
Zephras Isle	94484	Unnerving Silence	11	8	220
Priest	94774	Divine Grace	10	10	210
Hunter	94793	Training the Beast	10	10	420
Darkshore	942	The Absent Minded Prospector	20	15	1550
Rogue	2608	The Touch of Zanzil	20	20	160
Zephras Isle	92469	Return to Rorian	4	3	40
Camping	96638	The Adventurer	6	4	410
Elwynn Forest	147	Manhunt	10	7	840
Teldrassil	2438	The Emerald Dreamcatcher	6	1	410
Zephras Isle	92741	Unwelcome Visitors	13	8	910
Zephras Isle	92834	Avenged Tenfold	11	6	880
Hunter	94013	Taming the Beast	10	10	840
Dun Morogh	312	Tundra MacGrann's Stolen Stash	12	7	910
Dun Morogh	218	The Stolen Journal	5	1	560
Elwynn Forest	783	A Threat Within	1	1	40
Ashenvale	1033	Elune's Tear	22	20	1750
Paladin	1650	The Tome of Valor	23	20	1850
Zephras Isle	93036	Infiltrating the Cult	8	5	70
Druid	94912	Child of Nature	10	10	840
Westfall	98021	Journey to Sentinel Hill	13	7	460
Elwynn Forest	87	Goldtooth	8	5	880
Loch Modan	273	Resupplying the Excavation	15	10	270
Ashenvale	1008	The Zoram Strand	19	14	1450
Zephras Isle	92701	To Valanaar	9	6	80
Mage	93791	Speak with Belann	10	10	420
Priest	5636	Desperate Prayer	10	10	210
Darnassus	6344	Nessa Shadowsong	10	10	210
Zephras Isle	92472	The Next Step	5	3	230
Druid	92485	A Student of Nature	2	2	90
Zephras Isle	92516	Hippogryph Harrassment	7	4	630
Zephras Isle	92685	The Hills Have Eyes	9	5	780
Zephras Isle	93172	Free the Hollows	13	8	680
Darkshore	947	Cave Mushrooms	17	12	1250
Hunter	92482	The Way of the Hunter	2	2	90
Zephras Isle	92727	The Missing Scholar	10	4	210
Hunter	94979	Taming the Beast	10	10	840
Teldrassil	486	Ursal the Mauler	12	4	1150
Paladin	1649	The Tome of Valor	20	20	390
Rogue	2360	Mathias and the Defias	20	20	390
Teldrassil	98398	The Oracle Tree	12	6	90
Zephras Isle	99260	Fillion's Mission	10	5	90
Darkshore	957	Bashal'Aran	13	7	680
Teldrassil	2561	Druid of the Claw	10	3	1050
Hunter	6085	Taming the Beast	10	10	840
Zephras Isle	92684	Ornery Ornery Galestriders	9	5	590
Teldrassil	98046	Crown of the Earth	11	1	90
Elwynn Forest	59	Cloth and Leather Armor	10	7	210
Duskwood	240	Return to Jitters	20	17	780
Rogue	92483	At Home in the Shadows	2	2	90
Redridge Mountains	246	Assessing the Threat	17	11	950
Loch Modan	309	Protecting the Shipment	15	10	1050
Durotar	835	Securing the Lines	11	7	880
Darkshore	951	Mathystra Relics	20	12	1950
Darkshore	1003	Buzzbox 525	16	7	1150
Zephras Isle	93319	Pilfered Windstones	7	4	480
Cooking	384	Beer Basted Boar Ribs	7	5	630
Hunter	94863	Taming the Beast	10	10	840
Loch Modan	257	A Hunter's Boast	16	11	880
Teldrassil	935	Crown of the Earth	11	1	1100
Darkshore	952	Grove of the Ancients	17	6	1250
Warlock	1688	Surena Caledon	10	10	630
Ironforge	97263	Your Package Has Arrived	2	1	50
Darkshore	994	Escape Through Force	22	10	1750
The Barrens	887	Southsea Freebooters	14	9	740
Paladin	1788	The Tome of Divinity	13	12	1150
Druid	5921	Moonglade	10	10	210
Zephras Isle	94490	Ripped Missive	12	9	910
Redridge Mountains	127	Selling Fish	21	16	1250
Darkshore	967	The Tower of Althalaxx	18	13	1000
Rogue	2206	Snatch and Grab	10	10	840
Priest	94820	Contingency Plan	20	20	390
Darkshore	729	The Absent Minded Prospector	20	15	1150
Rogue	2242	Destiny Calls	10	10	840
Dun Morogh	315	The Perfect Stout	9	5	780
Elwynn Forest	46	Bounty on Murlocs	10	7	840
Ashenvale	1056	Journey to Stonetalon Peak	18	18	680
Zephras Isle	92551	Stolen Supplies	8	5	530
Camping	96630	The Adventurer	6	4	410
Elwynn Forest	40	A Fishy Peril	10	7	90
Elwynn Forest	76	The Jasperlode Mine	10	4	840
Warrior	92479	A Scribbled Letter	1	1	40
Zephras Isle	92709	A Grand Adventure	12	7	90
Zephras Isle	92465	Agitators	3	2	250
Elwynn Forest	7	Kobold Camp Cleanup	2	1	170
Zephras Isle	92462	Infestation Investigation	2	1	170
Zephras Isle	92471	Aetheen of the Gales	4	4	40
Zephras Isle	94493	A Sacrifice in Vain	11	8	220
Loch Modan	250	A Dark Threat Looms	18	16	680
Stormwind City	1097	Elmore's Task	15	9	110
Darkshore	2078	Gyromast's Revenge	Elite 20	14	1150
Zephras Isle	94413	A Magical Affront	6	4	540
Camping	96628	The Adventurer	6	4	410
Westfall	102	Patrolling Westfall	14	8	980
Hunter	94050	Training the Beast	10	10	420
Hunter	6103	Training the Beast	10	10	420
Elwynn Forest	62	The Fargodeep Mine	7	4	480
Wetlands	455	The Algaz Gauntlet	21	19	1250
Warrior	1667	Dead-tooth Jack	10	10	840
Dun Morogh	417	A Pilot's Revenge	11	8	660
Teldrassil	923	Tumors	9	4	980
Stonetalon Mountains	1076	Devils in Westfall	21	17	1650
Warlock	1598	The Stolen Tome	4	1	360
Mage	92481	A Student of the Arcane	2	2	90
Zephras Isle	92698	What Is My Purpose?	9	5	200
Zephras Isle	94488	The Ties That Bind	11	8	880
Elwynn Forest	35	Further Concerns	10	7	420
Westfall	152	The Coast Isn't Clear	19	10	1450
Dun Morogh	310	Bitter Rivals	6	2	140
The Barrens	901	Samophlange	14	10	740
Zephras Isle	92682	Make Yourself Useful	9	5	780
Camping	97949	Camping 101: Skinning	6	4	270
Elwynn Forest	18	Brotherhood of Thieves	4	2	360
Redridge Mountains	91	Solomon's Law	23	17	1850
The Barrens	863	The Escape	18	13	1700
Stonetalon Mountains	1092	Gerenzo's Orders	22	17	1300
Paladin	1785	The Tome of Divinity	13	12	1150
Rogue	78270	Goblin Lockpicks	23	1	0
Camping	97920	Camping 101: Fishing	6	4	270
Duskwood	226	Wolves at Our Heels	21	19	1250
Dun Morogh	291	The Reports	10	1	420
Teldrassil	490	Bounty: Gnarlpine Furbolg	8	5	700
The Barrens	900	Samophlange	14	10	490
Teldrassil	938	Mist	12	7	910
Cooking	2178	Easy Strider Living	12	9	910
Teldrassil	2498	Return to Denalan	9	4	80
Darkshore	4762	The Cliffspring River	15	11	800
Druid	5931	Back to Darnassus	10	10	90
Hunter	6102	Taming the Beast	10	10	840
Zephras Isle	92699	The Supreme Magister	9	4	80
Dun Morogh	419	The Lost Pilot	10	8	420
Warlock	1685	Gakin's Summons	10	10	420
Warrior	1698	Yorus Barleybrew	20	20	160
Paladin	1793	The Tome of Valor	20	20	0
Dun Morogh	99160	Rime's Wrath	8	5	700
Darkshore	2118	Plagued Lands	14	10	980
Zephras Isle	93160	The Forest's Bounty	13	8	680
Loch Modan	263	In Defense of the King's Lands	15	10	1050
Camping	97921	Camping 101: Herbalism	6	4	270
Camping	97969	Camping 101: Leatherworking	6	4	270
Elwynn Forest	6	Bounty on Garrick Padfoot	5	2	340
Elwynn Forest	39	Deliver Thomas' Report	10	7	1050
Elwynn Forest	60	Kobold Candles	7	3	480
Elwynn Forest	88	Princess Must Die!	9	6	780
Durotar	834	Winds in the Desert	9	7	780
Camping	96056	Camping 101: Skinning	6	4	270
Camping	96646	Camping 101: Cooking	6	4	270
Elwynn Forest	37	Find the Lost Guards	10	7	210
Redridge Mountains	244	Encroaching Gnolls	16	11	290
Dun Morogh	317	Stocking Jetsteam	6	2	680
The Barrens	858	Ignition	18	13	1350
Dustwallow Marsh	1133	Journey to Astranaar	20	18	0
Elwynn Forest	47	Gold Dust Exchange	7	4	630
Elwynn Forest	85	Lost Necklace	6	5	140
Elwynn Forest	112	Collecting Kelp	7	5	320
Loch Modan	1338	Stormpike's Order	14	9	980
Darkshore	4681	Washed Ashore	14	11	980
Camping	96047	Camping 101: First Aid	6	4	270
Camping	97923	Camping 101: Mining	6	4	270
Dun Morogh	179	Dwarven Outfitters	1	1	80
Teldrassil	487	The Road to Darnassus	8	5	700
Camping	96626	Camping 101: Cooking	6	4	270
Darnassus	98391	The Sisterhood of Elune	10	5	90
Elwynn Forest	33	Wolves Across the Border	2	1	170
Loch Modan	237	In Defense of the King's Lands	15	10	1050
Loch Modan	258	A Hunter's Challenge	17	11	950
Loch Modan	416	Rat Catching	11	10	880
Warlock	1599	Beginnings	4	1	360
Zephras Isle	92596	The High Order	6	4	140
Camping	96031	Camping 101: Leatherworking	6	4	270
Camping	97924	Camping 101: Skinning	6	4	270
Camping	98285	Camping 101: Engineering	6	4	270
Dun Morogh	313	The Grizzled Den	7	4	630
Teldrassil	456	The Balance of Nature	2	1	170
Teldrassil	458	The Woodland Protector	1	1	40
Teldrassil	937	The Enchanted Glade	11	6	440
Camping	96627	The Adventurer	6	4	410
Elwynn Forest	52	Protect the Frontier	10	7	630
Elwynn Forest	107	Note to William	6	5	140
Darnassus	2520	Sathrah's Sacrifice	12	5	910
Teldrassil	2541	The Sleeping Druid	8	3	700
Stormwind City	579	Stormwind Library	1	1	0
Darkshore	986	A Lost Master	20	10	1550
Priest	94819	Contingency Plan	20	20	390
Camping	96057	Camping 101: Tailoring	6	4	270
Camping	97919	Camping 101: First Aid	6	4	270
Camping	97965	Camping 101: First Aid	6	4	270
Elwynn Forest	45	Discover Rolf's Fate	10	7	420
Wetlands	468	Report to Mountaineer Rockgar	21	19	170
The Barrens	892	The Missing Shipment	14	9	100
Teldrassil	927	The Moss-twined Heart	12	5	460
Warrior	1683	Vorlus Vilehoof	10	10	840
Darkshore	4811	The Red Crystal	14	12	490
Dun Morogh	234	Coldridge Valley Mail Delivery	4	1	270
Darkshore	945	Therylune's Escape	18	10	1350
Shaman	94616	Water Sapta	20	20	0
Elwynn Forest	11	Riverpaw Gnoll Bounty	10	6	840
Elwynn Forest	21	Skirmish at Echo Ridge	5	1	450
Elwynn Forest	109	Report to Gryan Stoutmantle	10	9	630
Druid	5929	Great Bear Spirit	10	10	420
Zephras Isle	92642	Disrupting Logistics	11	6	440
Zephras Isle	93951	A Little Beauty	7	4	480
Camping	96046	Camping 101: Mining	6	4	270
Westfall	36	Westfall Stew	10	9	420
Redridge Mountains	129	A Free Lunch	15	12	540
Ironforge	2039	Find Bingles	15	12	270
Dun Morogh	5541	Ammo for Rumbleshot	6	5	540
Zephras Isle	94487	Unwanted and Unworthy	11	8	880
Camping	97967	Camping 101: Fishing	6	4	270
Elwynn Forest	86	Pie for Billy	6	5	410
Ashenvale	1134	Pridewings of Stonetalon	21	18	1650
Paladin	1642	The Tome of Divinity	12	12	90
Paladin	1786	The Tome of Divinity	13	12	680
Priest	5625	Garments of the Light	4	5	270
Priest	94818	Contingency Plan	20	20	0
Dun Morogh	412	Operation Recombobulation	10	7	840
Camping	97971	Camping 101: Skinning	6	4	270
Shaman	98581	Archaic Rune	1	1	40
Elwynn Forest	71	Report to Thomas	10	7	210
Loch Modan	199	A Dark Threat Looms	18	16	1350
Elwynn Forest	239	Westbrook Garrison Needs Help!	10	6	210
Loch Modan	255	Mercenaries	Elite 19	15	1800
Loch Modan	298	Excavation Progress Report	15	10	270
Loch Modan	385	Crocolisk Hunting	15	10	1050
Ashenvale	1034	The Ruins of Stardust	23	20	1850
Camping	96629	Camping 101: Cooking	6	4	270
Camping	97925	Camping 101: Tailoring	6	4	270
Camping	97968	Camping 101: Herbalism	6	4	270
Elwynn Forest	15	Investigate Echo Ridge	3	1	250
Elwynn Forest	54	Report to Goldshire	5	1	230
Priest	94817	Confounding Flash	10	10	0
Elwynn Forest	61	Shipment to Stormwind	7	3	790
Loch Modan	224	In Defense of the King's Lands	12	10	910
Herbalism	866	Root Samples	16	9	1150
The Barrens	890	The Missing Shipment	14	9	100
Ashenvale	1007	The Ancient Statuette	20	19	1150
Loch Modan	1339	Mountaineer Stormpike's Task	15	9	540
Mage	1941	Manaweave Robe	15	15	1050
Elwynn Forest	3903	Milly Osworth	4	2	40
Priest	5635	Desperate Prayer	10	10	210
Camping	97917	Camping 101: Enchanting	6	4	270
Camping	97946	Camping 101: Leatherworking	6	4	270
Priest	5674	Elune's Grace	20	20	390
Camping	97973	Camping 101: Tailoring	6	4	270
Elwynn Forest	114	The Escape	7	5	790
Warrior	1665	Bartleby's Mug	10	10	420
Mage	1860	Speak with Jennea	10	10	420
Camping	97922	Camping 101: Leatherworking	6	4	270
Darkshore	966	The Tower of Althalaxx	18	13	1350
Warrior	1686	The Shade of Elura	10	10	840
Teldrassil	933	Crown of the Earth	9	1	780
Paladin	1794	The Tome of Valor	20	20	0
Rogue	2241	The Apple Falls	10	10	420
Dun Morogh	319	A Favor for Evershine	8	2	530
Teldrassil	916	Webwood Venom	4	3	360
Elwynn Forest	2158	Rest and Relaxation	5	1	110
Hunter	6063	Taming the Beast	10	10	840
Camping	97940	Camping 101: Enchanting	6	4	270
Teldrassil	921	Crown of the Earth	5	1	340
Priest	94822	Confounding Flash	10	10	210
Loch Modan	302	Powder to Ironband	15	10	270
Camping	97938	Camping 101: Alchemy	6	4	270
Loch Modan	297	Gathering Idols	18	13	1350
Dun Morogh	318	Evershine	7	2	160
Teldrassil	457	The Balance of Nature	3	1	250
Rogue	2281	Redridge Rendezvous	16	16	120
Hunter	6086	Training the Beast	10	10	420
Camping	97963	Camping 101: Alchemy	6	4	270
Dun Morogh	182	The Troll Cave	4	1	360
Teldrassil	488	Zenn's Bidding	5	4	450
Darkshore	2138	Cleansing of the Infected	16	10	1150
Camping	96044	Camping 101: Blacksmithing	6	4	270
Camping	96055	Camping 101: Herbalism	6	4	270
Camping	97950	Camping 101: Tailoring	6	4	270
Camping	97970	Camping 101: Mining	6	4	270
Camping	98286	Camping 101: Enchanting	6	4	270
Redridge Mountains	130	Visit the Herbalist	15	12	270
Loch Modan	436	Ironband's Excavation	18	13	340
Teldrassil	917	Webwood Egg	5	1	560
Fishing	1580	Electropellers	12	10	910
Paladin	2998	Tome of Divinity	12	12	230
Elwynn Forest	5261	Eagan Peltskinner	2	1	90
Priest	94773	Divine Grace	10	10	0
Priest	94823	Confounding Flash	10	10	210
Camping	96634	Camping 101: Cooking	6	4	270
Camping	97916	Camping 101: Blacksmithing	6	4	270
Camping	97939	Camping 101: Blacksmithing	6	4	270
Elwynn Forest	106	Young Lovers	6	5	140
Dun Morogh	233	Coldridge Valley Mail Delivery	3	1	190
Darkshore	956	Bashal'Aran	13	7	910
Darkshore	983	Buzzbox 827	10	7	840
Darkshore	1001	Buzzbox 411	12	7	1150
Leatherworking	1582	Moonglow Vest	18	8	1350
Rogue	2239	Onin's Report	10	10	840
Hunter	6073	The Hunter's Path	10	10	90
Camping	96050	Camping 101: Fishing	6	4	270
Camping	96058	Camping 101: Engineering	6	4	270
Camping	97915	Camping 101: Alchemy	6	4	270
Camping	97948	Camping 101: Mining	6	4	270
Ashenvale	991	Raene's Cleansing	19	18	1450
Priest	5676	Arcane Feedback	20	20	0
Shaman	94472	Earth Sapta	4	4	0
Dun Morogh	320	Return to Bellowfiz	8	2	880
Warrior	1678	Vejrek	11	10	1100
Darkshore	4723	Beached Sea Creature	13	11	460
Elwynn Forest	83	Red Linen Goods	9	4	780
Loch Modan	267	The Trogg Threat	12	10	910
Loch Modan	301	Report to Ironforge	15	10	540
Warrior	1693	Weapons of Elunite	10	10	630
Darkshore	6342	Flight to Auberdine	10	10	420
Priest	94821	Confounding Flash	10	10	210
Camping	97943	Camping 101: Fishing	6	4	270
Priest	98574	Hallowed Memorandum	1	1	40
Elwynn Forest	84	Back to Billy	6	5	140
Darkshore	950	Return to Onu	17	12	950
Darkshore	1002	Buzzbox 323	14	7	980
Ashenvale	1020	Orendil's Cure	20	20	1950
Warrior	1666	Marshal Haggard	10	10	420
Darkshore	2098	Gyromast's Retrieval	20	14	1550
Priest	5629	Returning Home	10	10	210
Paladin	1790	The Symbol of Life	12	12	0
Mage	1880	Mage-tastic Gizmonitor	10	10	840
Elwynn Forest	3905	Grape Manifest	4	2	360
Camping	96045	Camping 101: Alchemy	6	4	270
Camping	97918	Camping 101: Engineering	6	4	270
Camping	97944	Camping 101: Herbalism	6	4	270
Darkshore	4761	Thundris Windweaver	15	11	110
Camping	96059	Camping 101: Enchanting	6	4	270
Teldrassil	459	The Woodland Protector	3	1	250
Teldrassil	476	Gnarlpine Corruption	6	4	540
Darkshore	949	The Twilight Camp	17	12	1250
Ashenvale	990	Trek to Ashenvale	19	15	370
Darkshore	1138	Fruit of the Sea	17	15	1250
Druid	5925	Heeding the Call	10	10	90
Westfall	6285	Return to Lewis	10	10	1050
Teldrassil	929	Crown of the Earth	5	1	340
Rogue	2205	Seek out SI: 7	10	10	210
Darkshore	4728	Beached Sea Creature	14	12	490
Hunter	6074	The Hunter's Path	10	10	90
Teldrassil	7383	Crown of the Earth	11	1	660
Redridge Mountains	131	Delivering Daffodils	15	12	270
Teldrassil	920	Tenaron's Summons	5	1	50
Paladin	1787	The Tome of Divinity	13	12	680
Priest	5621	Garments of the Moon	4	5	270
Druid	5924	Heeding the Call	10	10	90
Hunter	6084	Taming the Beast	10	10	840
Dun Morogh	183	The Boar Hunter	3	1	250
Dun Morogh	413	Shimmer Stout	10	8	420
Elwynn Forest	3904	Milly's Harvest	4	2	180
Camping	97964	Camping 101: Blacksmithing	6	4	270
Dun Morogh	400	Tools for Steelgrill	5	2	110
Teldrassil	475	A Troubling Breeze	6	4	270
Teldrassil	489	Seek Redemption!	7	4	630
Darnassus	730	Trouble In Darkshore?	14	14	490
Dun Morogh	170	A New Threat	2	1	170
Dun Morogh	282	Senir's Observations	5	1	340
Teldrassil	928	Crown of the Earth	5	1	230
Paladin	1643	The Tome of Divinity	12	12	460
Mage	1861	Mirror Lake	10	10	840
Darkshore	3524	Washed Ashore	13	11	680
Shaman	94473	Fire Sapta	13	10	0
Elwynn Forest	111	Speak with Gramma	6	5	140
Duskwood	164	Deliveries to Sven	23	17	920
Paladin	1646	The Tome of Divinity	12	12	90
Warlock	1715	The Slaughtered Lamb	10	10	420
Dun Morogh	420	Senir's Observations	5	1	340
Mage	1919	Report to Jennea	15	15	110
Hunter	6071	The Hunter's Path	10	10	90
Dun Morogh	414	Stout to Kadrell	10	8	630
Paladin	1644	The Tome of Divinity	13	12	910
Priest	94777	Divine Grace	10	10	210
Darkshore	960	Onu is Meditating	1	1	0
Stonetalon Mountains	1071	A Gnome's Respite	21	17	1650
Priest	94775	Divine Grace	10	10	210
Blacksmithing	1578	Supplying the Front	12	1	910
Warrior	1692	Smith Mathiel	10	10	420
Paladin	1780	The Tome of Divinity	13	12	230
Mage	3114	Glyphic Memorandum	1	1	40
Teldrassil	3521	Iverron's Antidote	4	2	360
Hunter	6101	Taming the Beast	10	10	840
Westfall	6181	A Swift Message	10	10	210
Deeprun Tram	6661	Deeprun Rat Roundup	12	10	910
Camping	97942	Camping 101: First Aid	6	4	270
Teldrassil	930	The Glowing Fruit	10	4	840
Alchemy	1581	Elixirs for the Bladeleafs	8	4	700
Blacksmithing	1618	Gearing Redridge	16	1	1150
Darkshore	958	Tools of the Highborne	12	9	910
Stonetalon Mountains	1073	Ineptitude + Chemicals = Fun	21	17	1650
Warrior	1682	Grey Iron Weapons	10	10	630
Paladin	2997	Tome of Divinity	12	12	90
Priest	5645	Chastise	20	20	390
Kharanos	6722	The Hunter's Path	10	10	90
Elwynn Forest	16	Give Gerard a Drink	1	1	0
Teldrassil	919	Timberling Sprouts	7	4	790
Darkshore	954	Bashal'Aran	12	7	680
Priest	5624	Garments of the Light	4	5	270
Camping	97941	Camping 101: Engineering	6	4	270
Teldrassil	931	The Shimmering Frond	10	4	840
Warlock	1717	Gakin's Summons	20	20	390
Teldrassil	3519	A Friend in Need	4	2	90
Darkshore	6343	Return to Nessa	10	10	1050
Druid	3120	Verdant Sigil	1	1	40
Hunter	6075	The Hunter's Path	10	10	90
Darkshore	6341	The Bounty of Teldrassil	10	10	210
Priest	94779	Divine Grace	10	10	210
Teldrassil	922	Rellian Greenspyre	7	4	320
Paladin	1778	The Tome of Divinity	13	12	230
Darkshore	4722	Beached Sea Turtle	13	11	460
Westfall	6261	Dungar Longdrink	10	10	210
Westfall	6281	Continue to Stormwind	10	10	420
Priest	94826	Confounding Flash	10	10	210
Dun Morogh	311	Return to Marleth	7	2	630
Teldrassil	918	Timberling Seeds	7	4	630
Mage	1879	Speak with Bink	10	10	90
Teldrassil	3522	Iverron's Antidote	4	2	450
Hunter	6072	The Hunter's Path	10	10	90
Darkshore	995	Escape Through Stealth	20	10	780
Dun Morogh	415	Rejold's New Brew	10	8	90
Warrior	1679	Muren Stormpike	10	10	90
Teldrassil	997	Denalan's Earth	5	4	230
Ashenvale	1070	On Guard in Stonetalon	21	17	830
Paladin	1779	The Tome of Divinity	13	12	0
Paladin	1781	The Tome of Divinity	13	12	0
Paladin	1789	The Symbol of Life	12	12	0
Teldrassil	4495	A Good Friend	4	2	270
Stonetalon Mountains	1072	An Old Colleague	21	17	830
Priest	5634	Desperate Prayer	10	10	0
Priest	94778	Divine Grace	10	10	0
Stonetalon Mountains	1075	A Scroll from Mauren	21	17	830
Dun Morogh	432	Those Blasted Troggs!	9	5	590
Dun Morogh	433	The Public Servant	11	6	660
Ashenvale	1085	On Guard in Stonetalon	21	17	170
Darnassus	2519	The Temple of the Moon	10	5	90
Dun Morogh	3364	Scalding Mornbrew Delivery	5	4	230
Warsong Gulch	8372	Fight for Warsong Gulch	PvP 19	10	1450
Priest	94776	Divine Grace	10	10	210
Loch Modan	912	Stonesplinter Trogg Disguise	12	10	230
Darkshore	953	The Fall of Ameth'Aran	12	9	910
Darkshore	955	Bashal'Aran	12	7	910
Warrior	1639	Bartleby the Drunk	10	10	90
Paladin	1784	The Tome of Divinity	13	12	680
Teldrassil	2159	Dolanaar Delivery	5	1	110
Rogue	2238	Simple Subterfugin'	10	10	840
Priest	5639	Desperate Prayer	10	10	0
Hunter	6076	The Hunter's Path	10	10	90
Darkmoon Faire	7946	Spawn of Jubjub	1	1	0
Dun Morogh	308	Distracting Jarven	7	1	0
Warrior	1684	Elanaria	10	10	90
Dun Morogh	2160	Supplies to Tannok	5	1	110
Camping	98287	Camping 101: Engineering	6	4	270
Paladin	1783	The Tome of Divinity	13	12	680
Hunter	3117	Etched Sigil	1	1	40
Paladin	2999	Tome of Divinity	12	12	90
Darkshore	5713	One Shot. One Kill.	15	10	1050
Paladin	1647	The Tome of Divinity	12	12	460
Rogue	2218	Road to Salvation	10	10	420
Rogue	3102	Encrypted Letter	1	1	40
Elwynn Forest	5545	A Bundle of Trouble	9	5	780
Priest	5623	In Favor of the Light	4	5	90
Stonetalon Mountains	1074	Ineptitude + Chemicals = Fun	21	17	830
Darkshore	4733	Beached Sea Creature	19	13	730
Priest	5637	Desperate Prayer	10	10	210
Paladin	1645	The Tome of Divinity	12	12	0
Priest	5678	Arcane Feedback	20	20	390
Elwynn Forest	5805	Welcome!	1	1	0
Stormwind City	334	Package for Thurman	2	1	130
Paladin	3101	Consecrated Letter	1	1	40
Blackrock Depths	4295	Rocknot's Ale	Dungeon 1	1	0
Priest	5640	Desperate Prayer	10	10	210
Loch Modan	6391	Ride to Ironforge	10	10	420
Warrior	3100	Simple Letter	1	1	40
Darkshore	4727	Beached Sea Turtle	15	12	540
Darkshore	4730	Beached Sea Creature	16	12	580
Teldrassil	5842	Welcome!	1	1	0
Stormwind City	333	Harlan Needs a Resupply	2	1	90
Warrior	1680	Tormus Deepforge	11	10	90
Teldrassil	941	Planting the Heart	12	9	910
Darkshore	961	Onu is Meditating	1	1	0
Teldrassil	2399	The Sprouted Fronds	10	4	90
Darkshore	4731	Beached Sea Turtle	19	13	730
Priest	5626	In Favor of the Light	4	5	90
Priest	5641	Chastise	20	20	0
Ironforge	6721	The Hunter's Path	10	10	90
Stormwind City	332	Wine Shop Advert	2	1	130
Priest	3119	Hallowed Sigil	1	1	40
Darkshore	4732	Beached Sea Turtle	19	13	730
Rogue	2298	Kingly Shakedown	16	16	120
Warrior	3116	Simple Sigil	1	1	40
Darkshore	4725	Beached Sea Turtle	15	12	540
Rogue	2300	SI:7	16	16	120
Rogue	3109	Encrypted Rune	1	1	40
Rogue	3118	Encrypted Sigil	1	1	40
Priest	5622	In Favor of Elune	4	5	90
Priest	5627	Stars of Elune	10	10	0
Deeprun Tram	6662	Me Brother Nipsy	12	10	90
Warrior	1640	Beat Bartleby	10	10	210
Paladin	1648	The Tome of Divinity	13	12	910
Mage	3104	Glyphic Letter	1	1	40
Dun Morogh	5841	Welcome!	1	1	0
Invasion	9260	Investigate the Scourge of Stormwind	6	1	410
Warlock	3105	Tainted Letter	1	1	40
Paladin	3107	Consecrated Rune	1	1	40
Hunter	3108	Etched Rune	1	1	40
Warrior	3112	Simple Memorandum	1	1	40
Priest	5628	Returning Home	10	10	210
Loch Modan	6387	Honor Students	10	10	210
Rogue	3113	Encrypted Memorandum	1	1	40
Rogue	2259	Erion Shadewhisper	16	16	120
Priest	5638	Desperate Prayer	10	10	210
Loch Modan	6392	Return to Brock	10	10	1050
Stonetalon Mountains	1077	Special Delivery for Gaxim	21	17	830
Priest	5647	Chastise	20	20	390
Warsong Gulch	8386	Fight for Warsong Gulch	PvP 19	10	730
Priest	3103	Hallowed Letter	1	1	40
Loch Modan	6388	Gryth Thurden	10	10	210
Dun Morogh	403	Guarded Thunderbrew Barrel	1	1	0
Stonetalon Mountains	1082	Update for Sentinel Thenysil	22	17	870
Rogue	2260	Erion's Behest	16	16	580
Rogue	2299	To Hulfdan!	16	16	120
Paladin	3000	Tome of Divinity	12	12	230
Winter Veil	8827	Winter's Presents	1	1	10
Paladin	3681	Tome of Divinity	12	12	230
Dun Morogh	3365	Bring Back the Mug	5	4	450
Priest	5672	Elune's Grace	20	20	0
Winter Veil	8744	A Carefully Wrapped Present	1	1	0
Priest	5632	Returning Home	10	10	210
Warrior	3106	Simple Rune	1	1	40
Priest	3110	Hallowed Rune	1	1	40
Warlock	3115	Tainted Memorandum	1	1	40
Priest	5673	Elune's Grace	20	20	390
Stonetalon Mountains	1091	Kaela's Update	22	17	180
Priest	5675	Elune's Grace	20	20	390
Priest	5677	Arcane Feedback	20	20	390
Priest	5630	Returning Home	10	10	210
-	7677	White Stallion Exchange	1	60	0
Winter Veil	8788	A Gently Shaken Gift	1	1	0
Invasion	9261	Investigate the Scourge of Ironforge	10	1	630
Priest	5631	Returning Home	10	10	210
Invasion	9262	Investigate the Scourge of Darnassus	10	1	630
Winter Veil	8803	A Festive Gift	10	10	0
Ahn'Qiraj War	8846	Five Signets for War Supplies	19	10	0
Priest	5633	Returning Home	10	10	210
Priest	5665	<UNUSED>	15	15	270
-	7676	White Mechanostrider Replacement	1	60	0
Priest	5667	<UNUSED>	15	15	270
-	7664	Ivory Raptor Replacement	1	60	0
Winter Veil	8767	A Gently Shaken Gift	1	1	0
Priest	5664	<UNUSED>	15	15	0
Priest	5666	<UNUSED>	15	15	270
-	7663	New Kodo - Green	1	60	0
-	7671	Frostsaber Replacement	1	60	0
-	7673	Frost Ram Exchange	1	60	0
-	7674	Black Ram Exchange	1	60	0
-	7660	Wolf Swapping - Arctic Wolf	1	60	0
-	7665	Red Raptor Replacement	1	60	0
-	7675	Icy Blue Mechanostrider Replacement	1	60	0
-	7661	Wolf Swapping - Red Wolf	1	60	0
-	7662	New Kodo - Teal	1	60	0
-	7672	Nightsaber Replacement	1	60	0
-	7678	Palomino Exchange	1	60	0
Winter Veil	8768	A Gaily Wrapped Present	20	20	0
-	7790	REUSE	-	0	0
Special	82208	Greater Friend of the Library	45	30	390
Shaman	96016	The Tempest's Weapons	40	30	3150
Special	79536	Greater Friend of the Library	35	20	280
The Barrens	79192	Stepping Stones	24	14	1950
Excavation Site: Wetlands	95646	Horrors in the Highland	Dungeon 31	24	3150
Excavation Site: Wetlands	95810	Lost Relic Carry	Dungeon 31	24	630
Excavation Site: Wetlands	95647	Lost in the Thicket Things	Dungeon 31	24	2500
Excavation Site: Wetlands	98824	Prehistoric Prism	Dungeon 31	24	3150
Wetlands	98297	Stopping the Cycle	Elite 34	24	2700
Wailing Caverns	6981	The Glowing Shard	Dungeon 26	15	2650
Excavation Site: Wetlands	95809	Heartwoven	Dungeon 31	24	3150
Thoradin's Wall	79976	This Must Be The Place	32	14	1950
The Stockade	378	The Fury Runs Deep	Dungeon 27	22	2750
Stonetalon Mountains	79974	Wet Job	32	14	2550
Stonewrought Dam	79975	Eagle's Fist	32	14	2550
Stonetalon Mountains	79980	Scramble	24	14	200
Rogue	78699	The Eye of Bhossca	35	25	3450
Rogue	78676	The Eye of Bhossca	35	25	3450
Warlock	1740	The Orb of Soran'ruk	Dungeon 25	20	2550
Thousand Needles	1100	Lonebrow's Journal	Elite 34	29	1350
Shaman	96135	Heed My Call	Elite 40	30	3150
Uldaman	2418	Power Stones	Dungeon 36	30	3500
Shaman	96264	Elemental Aid	Dungeon 33	30	2650
Blackfathom Deeps	1200	Blackfathom Villainy	Dungeon 27	18	3300
Wetlands	98310	Gleaning Our Future	Elite 32	24	3200
Razorfen Kraul	1101	The Crone of the Kraul	Dungeon 34	29	3350
Blackfathom Deeps	1198	In Search of Thaelrid	Dungeon 24	18	2400
Shaman	94789	Call of Air	30	30	2450
Razorfen Kraul	1221	Blueleaf Tubers	Dungeon 26	20	2100
Gnomeregan	2904	A Fine Mess	Dungeon 30	20	2450
Warrior	1792	Whirlwind Weapon	40	30	3900
Wetlands	303	The Dark Iron War	Elite 30	25	2450
Razorfen Kraul	1142	Mortality Wanes	Dungeon 30	25	3050
Razorfen Kraul	1144	Willix the Importer	Dungeon 30	22	3050
Blackfathom Deeps	1275	Researching the Corruption	Dungeon 24	18	2400
Wetlands	299	Uncovering the Past	27	22	2200
Blackfathom Deeps	1199	Twilight Falls	Dungeon 25	20	2550
Paladin	78093	Return to Delgren	30	22	3050
Wetlands	275	Blisters on the Land	26	20	2650
Badlands	739	Murdaloc	42	30	3450
City of Dalaran	92458	Heart of Disruption	Dungeon 33	24	3950
Wetlands	98216	Understanding Our Present	Elite 31	23	3150
Uldaman	709	Solution to Doom	Dungeon 40	30	3150
Uldaman	704	Agmond's Fate	Dungeon 38	30	2850
Stranglethorn Vale	208	Big Game Hunter	Elite 43	28	5350
Scarlet Monastery	96800	Past Due	Dungeon 38	30	2850
The Stockade	377	Crime and Punishment	Dungeon 26	22	2100
Stormwind City	2746	Items of Some Consequence	31	16	630
Excavation Site: Wetlands	95795	Fallen in the Fen	Dungeon 31	24	3150
Thousand Needles	1189	Safety First	41	29	820
The Stockade	391	The Stockade Riots	Dungeon 29	16	2350
The Stockade	388	The Color of Blood	Dungeon 26	22	2650
Paladin	1651	The Tome of Valor	25	20	1000
The Stockade	386	What Comes Around...	Dungeon 25	22	2000
Duskwood	98	The Legend of Stalvan	35	22	4100
Gnomeregan	2945	Grime-Encrusted Ring	Dungeon 34	28	2700
Stormwind City	396	An Audience with the King	31	16	3750
Wetlands	471	Apprentice's Duties	26	18	2100
Stormwind City	335	A Noble Brew	30	25	2450
Blackfathom Deeps	78916	The Heart of the Void	25	25	0
Stormwind City	434	The Attack!	31	16	1900
Wetlands	98291	Death to the Dragonmaw	Elite 30	22	3050
Scarlet Monastery	1050	Mythology of the Titans	Dungeon 38	28	3550
Scarlet Monastery	1053	In the Name of the Light	Dungeon 40	34	4700
Paladin	78091	Earning Your Salt	30	22	2450
The Stockade	387	Quell the Uprising	Dungeon 26	22	2650
Duskwood	55	Morbent Fel	Elite 32	20	3850
Wetlands	98293	Forced Disarmament	Elite 30	22	3050
Stormwind City	2745	Infiltrating the Castle	31	16	250
Dustwallow Marsh	1203	Jarl Needs a Blade	35	30	3450
Stranglethorn Vale	613	Cracking Maury's Foot	Elite 44	30	4650
Gnomeregan	2962	The Only Cure is More Green Glow	Dungeon 30	20	2450
Gnomeregan	2930	Data Rescue	Dungeon 30	25	3650
Stormwind City	1250	The Missing Diplomat	33	28	270
Stormwind City	346	Return to Kristoff	24	20	1950
Stonetalon Mountains	80001	Rekindle	40	1	0
Gnomeregan	2926	Gnogaine	Dungeon 27	20	2200
Alterac Mountains	92432	An Alarming Request	33	30	660
Stormwind City	347	Rethban Ore	24	20	970
City of Dalaran	92456	A Green Sample	Dungeon 33	24	3950
Duskwood	231	A Daughter's Love	35	28	1350
Rogue	2359	Klaven's Tower	Elite 24	20	1950
Gnomeregan	2929	The Grand Betrayal	Dungeon 35	25	2750
Warrior	1701	Fire Hardened Mail	Elite 28	20	2300
Mage	1952	Mage's Wand	40	30	3150
Desolace	5561	Kodo Roundup	34	30	2000
Duskwood	228	Mor'Ladim	Elite 35	28	2050
Desolace	1380	Khan Hratha	Elite 42	30	4300
Duskwood	96137	Ira's Dagger	24	18	1950
Thousand Needles	1176	Load Lightening	30	29	1850
City of Dalaran	92489	Power Overwhelming	Dungeon 33	24	3950
Stormwind City	1266	The Missing Diplomat	36	28	700
Warrior	1712	Cyclonian	40	30	2350
Redridge Mountains	19	Tharil'zun	Elite 25	18	2550
Ironforge	707	Ironband Wants You!	37	30	710
Wetlands	88757	Accessories of the Lost	Elite 33	28	2650
Stormwind City	98191	A Friend of the Family	25	20	200
Redridge Mountains	249	Morganth	Elite 27	20	2750
Wetlands	98245	Razormaw Needling	29	21	2350
Stranglethorn Vale	197	Raptor Mastery	Elite 43	28	3600
Alterac Mountains	504	Crushridge Warmongers	Elite 40	30	4700
Desolace	79242	No Honor Among Thieves	40	30	3900
Duskwood	96138	Merrick's Bow	28	18	2300
Ashenvale	98027	Gleaming Crescent Necklace	29	25	2350
Gnomeregan	2928	Gyrodrillmatic Excavationators	Dungeon 30	20	2450
Duskwood	253	Bride of the Embalmer	Elite 30	20	3650
Wetlands	88758	Sentiments of the Lost	Elite 33	28	2650
Wetlands	296	Ormer's Revenge	29	22	2950
Stormwind City	3765	The Corruption Abroad	24	18	1450
Rogue	6681	The Manor Ravenholdt	24	24	1950
Stormwind City	336	A Noble Brew	30	25	2450
Gnomeregan	2947	Return of the Ring	Dungeon 34	28	2700
Gnomeregan	2951	The Sparklematic 5200!	Dungeon 30	25	0
Mage	1951	Rituals of Power	Dungeon 40	30	3150
Gnomeregan	2924	Essential Artificials	Dungeon 30	24	3050
Gnomeregan	2922	Save Techbot's Brain!	Dungeon 26	20	2650
Badlands	738	Find Agmond	38	30	1450
Arathi Highlands	684	Wanted! Marez Cowl	Elite 39	30	3750
Paladin	1652	The Tome of Valor	25	20	2550
Duskwood	225	The Weathered Grave	35	28	690
Stranglethorn Vale	188	Tiger Mastery	37	28	2850
Stormwind City	344	Brother Paxton	24	20	490
Wetlands	98221	From the Ashes	28	23	2300
Wetlands	98230	This Land Was Their Land	29	22	1200
Wetlands	304	A Grim Task	Elite 34	26	3350
Thousand Needles	1182	Goblin Sponsorship	37	29	2850
Desolace	1371	Gizmo for Warug	35	30	2050
Wetlands	474	Defeat Nek'rosh	Elite 32	23	2550
Thousand Needles	1187	Razzeric's Tweaking	41	29	3300
Razorfen Downs	6626	A Host of Evil	Dungeon 35	28	3450
Desolace	1369	Broken Tears	33	30	2650
Paladin	78092	It Must Be Destroyed	30	22	3050
Wetlands	465	Nek'rosh's Gambit	31	23	1900
Desolace	1381	Khan Hratha	Elite 42	30	4300
Duskwood	181	Look to the Stars	30	20	2450
Mage	1947	Journey to the Marsh	38	30	290
Duskwood	174	Look to the Stars	25	20	2000
Darkshore	943	The Absent Minded Prospector	24	15	2400
Stonetalon Mountains	1096	Gerenzo Wrenchwhistle	27	16	2200
Arathi Highlands	685	Wanted! Otto and Falconcrest	Elite 40	30	3900
Thousand Needles	1137	News for Fizzle	38	28	1450
Stormwind City	98190	A Friend of the Family	25	20	0
Desolace	1374	Khan Jehn	37	30	2850
Duskwood	58	The Night Watch	30	18	2450
Stormwind City	98219	The Shamed Lieutenant	30	20	250
Redridge Mountains	95999	WANTED: Incinerator Gar'im	Elite 25	16	2550
Mage	1948	Items of Power	40	30	3150
Wetlands	293	Cleansing the Eye	30	22	2450
Dustwallow Marsh	1218	Soothing Spices	35	30	1350
Desolace	1385	Brutal Politics	35	30	2050
Ashenvale	1046	Raene's Cleansing	30	18	3050
Stormwind City	345	Ink Supplies	24	20	490
Stormwind City	1249	The Missing Diplomat	33	28	1300
Ashenvale	98417	Vengeful Trail	30	23	2450
Stormwind City	1267	The Missing Diplomat	38	28	4300
Paladin	78088	A Strange Artifact	30	22	2450
Hillsbrad Foothills	98071	Brewer's Trade	27	23	2200
Warrior	1713	The Summoning	Elite 40	30	2350
Stormwind City	1265	The Missing Diplomat	35	28	280
Wetlands	98246	Trying Times	29	21	2350
Thousand Needles	1188	Safety First	41	29	820
Duskwood	97	The Legend of Stalvan	28	22	230
Stormwind City	394	The Head of the Beast	31	16	250
Duskwood	70	The Legend of Stalvan	28	22	1700
Darkshore	973	The Tower of Althalaxx	24	13	1950
Duskwood	229	The Daughter Who Lived	35	28	280
Warrior	1714	Essence of the Exile	37	30	0
Desolace	93224	Carved Centaur Totems	40	30	2350
Ironforge	2948	Gnome Improvement	35	28	2750
Wetlands	290	Lifting the Curse	30	22	1200
Redridge Mountains	126	Howling in the Hills	25	15	2000
Warlock	1795	The Binding	30	30	2450
Stormwind City	1264	The Missing Diplomat	33	28	1300
Duskwood	79	The Legend of Stalvan	28	22	230
Duskwood	78	The Legend of Stalvan	28	22	570
The Barrens	3370	In Nightmares	25	10	2000
Redridge Mountains	219	Missing In Action	25	19	2550
Stormwind City	395	Brotherhood's End	31	16	630
Special	81956	Conjurer's Codex	45	1	390
Wetlands	98240	Crimson Crate Delivery	29	19	1200
Duskwood	223	Worgen in the Woods	31	23	3150
Duskwood	66	The Legend of Stalvan	28	22	230
Dustwallow Marsh	1206	Jarl Needs Eyes	35	30	2750
Duskwood	74	The Legend of Stalvan	28	22	1150
Stranglethorn Vale	193	Panther Mastery	Elite 40	28	3150
Hillsbrad Foothills	564	Costly Menace	34	30	2700
Warrior	1791	The Windwatcher	30	30	250
Duskwood	325	Armed and Ready	29	20	590
Duskwood	80	The Legend of Stalvan	28	22	230
Wetlands	289	The Cursed Crew	29	22	1750
Duskwood	75	The Legend of Stalvan	28	22	1150
Darkshore	981	The Tower of Althalaxx	31	13	2500
Thousand Needles	1178	Goblin Sponsorship	37	29	710
Duskwood	269	Seeking Wisdom	29	20	590
Thousand Needles	1183	Goblin Sponsorship	37	29	710
Hillsbrad Foothills	565	Bartolo's Yeti Fur Cloak	34	29	2700
Wetlands	88756	Bring Back a Bang	Elite 32	27	2550
Desolace	1373	Ongeku	37	30	2850
Hillsbrad Foothills	98059	Hillsbrad's Hoard	27	23	2200
Razorfen Downs	3525	Extinguishing the Idol	Dungeon 37	32	4250
Duskwood	322	Blessed Arm	29	20	1200
Arathi Highlands	635	Crystal in the Mountains	35	30	280
Desolace	1370	Stealing Supplies	35	30	1350
Desolace	6027	Book of the Ancients	38	30	3550
Stormwind City	343	Speaking of Fortitude	24	20	200
Duskwood	90	Seasoned Wolf Kabobs	25	18	2000
Loch Modan	86776	Ingredients for the Forge	30	15	2450
Wetlands	305	In Search of the Excavation Team	24	21	970
Duskwood	337	An Old History Book	25	20	1500
Mage	1950	Get the Scoop	30	30	1850
Thousand Needles	98155	Pristine Pesterhide Pelts	31	27	2500
Badlands	78823	Terror of the Desert Skies	40	26	1550
Duskwood	324	The Lost Ingots	29	20	1750
Warrior	1719	The Affray	30	30	2450
Duskwood	270	The Doomed Fleet	29	20	1200
Wetlands	286	Return the Statuette	25	20	1500
Duskwood	72	The Legend of Stalvan	28	22	230
Stormwind City	538	Southshore	38	20	710
Mage	1940	Pristine Spider Silk	26	26	1600
Duskwood	321	Lightforge Iron	29	20	590
Wetlands	87491	Spark of Freedom	Elite 32	27	2550
Stormwind City	397	You Have Served Us Well	30	25	250
Thousand Needles	1186	The Eighteenth Pilot	37	29	290
Razorfen Downs	3636	Bring the Light	Dungeon 42	39	4300
Duskwood	251	Translate Abercrombie's Note	30	20	250
Stormwind City	392	The Curious Visitor	29	16	590
Duskwood	67	The Legend of Stalvan	28	22	1150
Duskwood	177	Look to the Stars	25	20	1500
Wetlands	292	The Eye of Paleth	30	22	1200
Wetlands	98223	Old Habits	31	23	1250
Arathi Highlands	682	Stromgarde Badges	Elite 37	30	3550
Duskwood	323	Proving Your Worth	28	20	2300
Wetlands	464	War Banners	28	23	2300
Warrior	1718	The Islander	30	30	610
Duskwood	69	The Legend of Stalvan	28	22	570
Stranglethorn Vale	185	Tiger Mastery	31	28	1250
Duskwood	227	Morgan Ladimore	35	28	280
Badlands	78830	Terror of the Desert Skies	40	26	3900
Stormwind City	350	Look to an Old Friend	31	16	250
Alterac Mountains	500	Crushridge Bounty	36	30	3500
Thousand Needles	1180	Goblin Sponsorship	37	29	710
Razorfen Downs	3523	Scourge of the Downs	Dungeon 37	32	290
Duskwood	101	The Totem of Infliction	25	18	2550
Duskwood	134	Ogre Thieves	30	20	1200
Ashenvale	1044	Answered Questions	30	25	3050
Wetlands	294	Ormer's Revenge	24	22	1950
Duskwood	453	Finding the Shadowy Figure	25	20	1000
Badlands	705	Pearl Diving	Elite 37	30	3550
-	1782	Furen's Armor	28	20	3400
Mage	1949	Hidden Secrets	38	30	1450
Stormwind City	1274	The Missing Diplomat	28	28	230
Stranglethorn Vale	600	Venture Company Mining	41	30	3300
Wetlands	98189	Return the Statuette	25	20	200
Stranglethorn Vale	194	Raptor Mastery	34	28	1350
Duskwood	68	The Legend of Stalvan	28	22	1700
Duskwood	175	Look to the Stars	25	20	1000
Mage	1938	Ur's Treatise on Shadow Magic	28	26	2300
Stormwind City	1248	The Missing Diplomat	33	28	660
Fishing	6607	Nat Pagle Angler Extreme	45	35	3900
Special	81955	A Mind of Metal	45	1	390
Duskwood	156	Gather Rot Blossoms	24	20	970
Gnomeregan	2927	The Day After	Dungeon 27	20	220
Wetlands	306	In Search of The Excavation Team	24	21	490
Ashenvale	1022	The Howling Vale	30	25	2450
Thousand Needles	1181	Goblin Sponsorship	37	29	290
Desolace	1440	Return to Vahlarriel	33	30	3300
Badlands	737	Forbidden Knowledge	40	30	2350
Ashenvale	908	Amongst the Ruins	Elite 27	25	2750
Desolace	79229	Highway Robbery	40	30	1550
Duskwood	95	Sven's Revenge	25	20	1000
Wetlands	647	MacKreel's Moonshine	30	28	3050
Desolace	6141	Brother Anton	39	34	300
Stormwind City	542	Return to Milton	38	20	3550
Desolace	1386	Assault on the Kolkar	32	30	2550
Gnomeregan	2931	Castpipe's Task	Dungeon 28	25	230
Desolace	79235	On the Lam	40	30	1550
Darkshore	1140	The Tower of Althalaxx	28	13	2300
Ashenvale	98418	Shared Fury	30	23	2450
Stormwind City	393	Shadow of the Past	29	16	590
Gnomeregan	2925	Klockmort's Essentials	Dungeon 30	24	250
Stormwind City	1447	The Missing Diplomat	31	28	1250
Gnomeregan	2923	Tinkmaster Overspark	Dungeon 26	20	210
Stranglethorn Vale	609	Voodoo Dues	44	30	3750
Wetlands	631	The Thandol Span	Elite 31	28	2500
Ashenvale	1054	Culling the Threat	25	18	2000
Darkshore	1143	The Tower of Althalaxx	31	13	2500
Wetlands	470	Digging Through the Ooze	24	19	2400
Darkshore	1167	The Tower of Althalaxx	28	13	570
Special	81952	Everyday Etiquette	45	1	390
Wetlands	288	The Third Fleet	27	22	220
Ironforge	98300	Word to Ironforge	34	24	2700
Duskwood	56	The Night Watch	24	18	1450
Duskwood	222	Worgen in the Woods	31	23	1900
Stranglethorn Vale	575	Supply and Demand	31	26	1250
Duskwood	160	Note to the Mayor	30	20	610
Stranglethorn Vale	202	Colonel Kurzen	Elite 40	30	3150
Wetlands	633	The Thandol Span	31	28	2500
Stonetalon Mountains	1095	Further Instructions	27	16	1100
Stormwind City	1244	The Missing Diplomat	30	28	2450
Duskwood	133	Ghoulish Effigy	27	20	1650
Warlock	1802	Tome of the Cabal	30	30	2450
Hillsbrad Foothills	540	Preserving Knowledge	Elite 38	20	3550
Ashenvale	1026	Raene's Cleansing	27	18	2200
Wetlands	281	Reclaiming Goods	25	20	510
Stranglethorn Vale	338	The Green Hills of Stranglethorn	40	30	4700
Duskwood	526	Lightforge Ingots	29	20	1750
Thousand Needles	1108	Indurium	39	28	3000
Special	79947	Geomancy: The Stone-Cold Truth	35	1	280
Stranglethorn Vale	196	Raptor Mastery	41	28	2450
Hillsbrad Foothills	661	Hints of a New Plague?	37	30	3550
Desolace	1375	Khan Shaka	37	30	2850
Special	79951	Mummies: A Guide to the Unsavory Undead	35	1	280
Stonetalon Mountains	86574	Stonetalon Supply Run	24	20	1950
Duskwood	159	Juice Delivery	24	20	970
Ashenvale	1027	Raene's Cleansing	28	18	2300
Ironforge	637	Sully Balloo's Letter	30	25	2450
Ashenvale	1016	Elemental Bracers	24	20	1950
Desolace	6161	Claim Rackmore's Treasure!	36	30	2800
Paladin	78089	Advice From Stormwind	30	22	1850
Wetlands	473	Report to Captain Stoutfist	28	23	230
Mage	1942	Astral Knot Garment	26	26	2100
Wetlands	472	Fall of Dun Modr	25	25	1000
Special	81947	Sanguine Sorcery	45	1	390
Stranglethorn Vale	606	Scaring Shaky	41	30	820
Duskwood	57	The Night Watch	26	18	2100
Warlock	4786	The Completed Robe	38	31	3550
Paladin	78090	A Second Opinion	30	22	0
Stranglethorn Vale	195	Raptor Mastery	36	28	1400
Duskwood	401	Wait for Sirra to Finish	30	20	1850
Arathi Highlands	642	The Princess Trapped	37	30	2850
Warlock	1804	Tome of the Cabal	30	30	2450
Special	79949	A Web of Lies: Debunking Myths and Legends	35	1	280
-	78132	Dragonslayer's Helm	25	15	2550
Wetlands	295	Ormer's Revenge	27	22	2200
Stranglethorn Vale	186	Tiger Mastery	33	28	1300
Duskwood	252	Translation to Ello	30	20	250
Stranglethorn Vale	328	The Hidden Key	37	30	1400
Stonetalon Mountains	1078	Retrieval for Mauren	26	17	2100
Desolace	1382	Strange Alliance	35	30	2050
Warlock	1758	Tome of the Cabal	30	30	610
Tanaris	2872	Stoley's Debt	45	40	390
Special	81953	Stonewrought Design	45	1	390
Ashenvale	1040	Passage to Booty Bay	30	25	610
-	78133	Dragonslayer's Shield	25	15	2550
Arathi Highlands	697	Malin's Request	Elite 39	30	3750
Redridge Mountains	128	Blackrock Bounty	25	20	2000
Zul'Farrak	2846	Tiara of the Deep	Dungeon 46	40	6050
Special	81949	Legends of the Tidesages	45	1	390
Ashenvale	1045	Raene's Cleansing	30	18	2450
Ashenvale	86757	Slowing the Orc Advance	32	27	2550
Stormwind City	1243	The Missing Diplomat	28	28	230
Thousand Needles	98156	Packaged Pristine Pelts	31	27	2500
Special	81954	Venomous Journeys	45	1	390
Arathi Highlands	652	Breaking the Keystone	Elite 42	30	3450
Wetlands	634	Plea To The Alliance	31	28	1250
Stranglethorn Vale	201	Investigate the Camp	32	28	260
Ashenvale	1030	Raene's Cleansing	28	18	1700
Stranglethorn Vale	187	Tiger Mastery	35	28	2050
Ashenvale	1028	Raene's Cleansing	28	18	1700
Special	79948	Defensive Magics 101	35	1	280
Ashenvale	1012	Insane Druids	32	24	3200
Stormwind City	1247	The Missing Diplomat	31	28	250
Zul'Farrak	3527	The Prophecy of Mosh'aru	Dungeon 47	40	5250
Duskwood	262	The Shadowy Figure	25	20	510
Duskwood	221	Worgen in the Woods	29	23	1750
Stranglethorn Vale	605	Singing Blue Shards	35	30	2750
Stranglethorn Vale	331	Report to Doren	37	30	2850
Stonetalon Mountains	1059	Reclaiming the Charred Vale	27	20	2200
Desolace	5741	Sceptre of Light	33	30	2650
Thousand Needles	1106	Martek the Exiled	35	26	1350
Uldaman	1139	The Lost Tablets of Will	Dungeon 45	35	5850
Duskwood	230	Sven's Camp	25	20	1000
Maraudon	7067	The Pariah's Instructions	Dungeon 48	39	5450
Special	79950	Demons and You	35	1	280
Wetlands	632	The Thandol Span	31	28	2500
Uldaman	2240	The Hidden Chamber	Dungeon 40	35	3900
Warlock	1798	Seeking Strahad	30	30	610
Stormwind City	1324	The Missing Diplomat	38	28	2150
Ashenvale	1035	Fallen Sky Lake	30	20	3050
Desolace	79236	Cherry for Your Thoughts?	40	30	1550
Stranglethorn Vale	189	Bloodscalp Ears	35	30	2050
Stormwind City	1245	The Missing Diplomat	30	28	250
Maraudon	7028	Twisted Evils	Dungeon 47	41	5250
Hillsbrad Foothills	660	Hints of a New Plague?	37	30	2850
-	78134	Dragonslayer's Lance	25	15	2550
Stormwind City	543	The Perenolde Tiara	Elite 40	30	4700
Ashenvale	976	Supplies to Auberdine	24	19	2900
Zul'Farrak	2768	Divino-matic Rod	Dungeon 47	40	6300
Stranglethorn Vale	215	Jungle Secrets	33	30	1300
Duskwood	268	Return to Sven	25	20	510
Ashenvale	1009	Ruuzel	25	20	2550
Special	79952	RwlRwlRwlRwl!	35	1	280
Swamp of Sorrows	93585	This Light of Mine	34	30	2700
Wetlands	285	Search More Hovels	25	20	1000
Gnomeregan	2952	The Sparklematic 5200!	Dungeon 30	25	2450
Special	79535	Basilisks: Should Petrification be Feared?	35	1	280
Duskwood	173	Worgen in the Woods	28	23	1150
Uldaman	2278	The Platinum Discs	Dungeon 47	40	4200
Wetlands	284	The Search Continues	25	20	510
Warrior	1706	Grimand's Armor	30	20	3050
Thousand Needles	5762	Hemet Nesingwary	31	28	1250
Cooking	6610	Clamlette Surprise	45	35	3900
Desolace	261	Down the Scarlet Path	39	34	3000
Hillsbrad Foothills	555	Soothing Turtle Bisque	31	28	2500
Ashenvale	1017	Mage Summoner	25	20	2550
Desolace	1384	Raid on the Kolkar	32	30	2550
Stranglethorn Vale	607	Return to MacKinley	41	30	2450
Ashenvale	1055	Raene's Cleansing	28	18	230
Stormwind City	1241	The Missing Diplomat	28	28	230
Stormwind City	1246	The Missing Diplomat	31	28	250
Mage	1956	Power in Uldaman	Dungeon 40	35	3900
Uldaman	2198	The Shattered Necklace	Dungeon 41	37	3300
Uldaman	17	Uldaman Reagent Run	Dungeon 42	38	3450
Duskwood	148	Supplies from Darkshire	24	20	490
Redridge Mountains	169	WANTED: Gath'Ilzogg	Elite 26	15	2650
Ashenvale	1029	Raene's Cleansing	28	18	230
Shaman	1537	<NYI> Call of Air	30	30	0
Warrior	1705	Burning Blood	28	20	2300
Desolace	5821	Bodyguard for Hire	35	30	2750
Desolace	5501	Bone Collector	39	33	2250
Duskwood	157	Deliver the Thread	24	20	1450
Redridge Mountains	180	WANTED: Lieutenant Fangore	26	15	2650
Duskwood	158	Zombie Juice	24	20	490
Stranglethorn Vale	190	Panther Mastery	31	28	1250
Arathi Highlands	651	Stones of Binding	38	30	2850
Ashenvale	1037	Velinde Starsong	30	25	610
Desolace	1052	Down the Scarlet Path	40	34	1550
Gnomeregan	2953	More Sparklematic Action	Dungeon 30	25	0
Ashenvale	1043	The Scythe of Elune	30	25	2450
Zul'Farrak	3042	Troll Temper	Dungeon 45	40	3900
Warlock	4490	Summon Felsteed	40	40	320
Badlands	735	The Star the Hand and the Heart	Elite 44	30	5600
Ashenvale	1039	The Barrens Port	30	25	1200
Uldaman	1360	Reclaimed Treasures	Dungeon 43	33	3600
Stranglethorn Vale	192	Panther Mastery	38	28	2150
Badlands	778	This Is Going to Be Hard	45	35	4850
Desolace	1387	Centaur Bounty	31	30	3750
Mage	1958	Celestial Power	40	35	3150
Duskwood	265	The Shadowy Search Continues	25	20	200
Thousand Needles	1117	Rumors for Kravel	36	30	3500
Zul'Farrak	2865	Scarab Shells	Dungeon 45	40	3900
Badlands	692	The Lost Fragments	41	30	3300
Warlock	1796	Components for the Enchanted Gold Bloodrobe	31	31	2500
Stranglethorn Vale	200	Bookie Herod	35	30	1350
Tanaris	3520	Screecher Spirits	44	40	3750
Uldaman	2398	The Lost Dwarves	Dungeon 40	35	320
Arathi Highlands	666	Sunken Treasure	40	35	3900
Desolace	1457	The Karnitol Shipwreck	39	30	2250
Desolace	1467	Reagents for Reclaimers Inc.	40	30	3150
Maraudon	7070	Shadowshard Fragments	Dungeon 42	39	3450
Warrior	1709	Klockmort's Creation	30	20	3050
Ashenvale	1031	The Branch of Cenarius	32	26	2550
Mage	1939	High Sorcerer Andromath	26	26	1050
Ashenvale	4581	Kayneth Stillwind	29	24	590
Maraudon	7041	Vyletongue Corruption	Dungeon 47	41	5250
Duskwood	149	Ghost Hair Thread	24	20	490
Stranglethorn Vale	583	Welcome to the Jungle	30	28	250
Stranglethorn Vale	628	Excelsior	Elite 38	31	2850
Ashenvale	1032	Satyr Slaying!	32	26	2550
Wetlands	1302	James Hyal	35	30	690
Thousand Needles	1104	Salt Flat Venom	30	28	1850
Thousand Needles	1105	Hardened Shells	30	28	2450
Stranglethorn Vale	98463	Talk of the Town	33	28	270
Redridge Mountains	34	An Unwelcome Guest	24	18	1950
Dustwallow Marsh	1135	Highperch Venom	30	25	3650
Zul'Farrak	2991	Nekrum's Medallion	Dungeon 47	40	5250
Engineering	3639	Show Your Work	47	30	3150
Alterac Mountains	505	Syndicate Assassins	33	26	1950
Ashenvale	1021	Vile Satyr! Dryads in Danger!	32	26	2550
Duskwood	165	The Hermit	25	17	1000
Duskwood	266	Inquire at the Inn	25	20	200
Dustwallow Marsh	1287	The Deserters	38	30	2850
Thousand Needles	1110	Rocket Car Parts	31	28	2500
Engineering	1559	Flash Bomb Recipe	37	30	0
Warrior	1711	Mathiel's Armor	30	20	3050
Hillsbrad Foothills	563	Reassignment	32	25	3200
Swamp of Sorrows	1393	Galen's Escape	38	30	2850
Blacksmithing	2765	Expert Blacksmith!	45	40	3900
Zul'Farrak	2861	Tabetha's Task	Dungeon 46	40	410
Duskwood	154	Return the Comb	24	20	200
Stranglethorn Vale	191	Panther Mastery	33	28	1300
Arathi Highlands	694	Trelane's Defenses	Elite 39	30	3000
Stranglethorn Vale	329	The Spy Revealed!	37	30	1400
Paladin	1661	The Tome of Nobility	40	40	0
Alterac Mountains	92459	Friend of the Kirin Tor	33	24	270
Ashenvale	1011	Forsaken Diseases	29	24	2350
Thousand Needles	1111	Wharfmaster Dizzywig	36	30	1400
Warlock	4964	The Completed Orb of Dar'Orahil	40	35	3900
Duskwood	81730	Duskwood Mission I: Defeat Worgen	Elite 27	23	2200
Desolace	1438	Vahlarriel's Search	33	30	2650
Desolace	1439	Search for Tyranis	33	30	2650
Westfall	53	Sweet Amber	44	40	5600
Hillsbrad Foothills	536	Down the Coast	30	25	1850
Ashenvale	1038	Velinde's Effects	30	25	610
Stormwind City	1242	The Missing Diplomat	28	28	230
Stormwind City	1301	James Hyal	35	30	690
Arathi Highlands	79624	Anyone Can Cook	40	32	1550
Ashenvale	1025	An Aggressive Defense	24	18	1950
Hillsbrad Foothills	562	Stormwind Ho!	32	25	1950
Stormwind City	690	Malin's Request	32	30	1950
Desolace	1437	Vahlarriel's Search	33	30	1950
Zul'Farrak	2864	Tran'rek	Dungeon 45	40	390
Stonetalon Mountains	1081	Reception from Tyrande	28	17	3400
Uldaman	2199	Lore for a Price	Dungeon 41	37	2450
Thousand Needles	2769	The Brassbolts Brothers	Dungeon 46	40	410
Stranglethorn Vale	213	Hostile Takeover	36	31	2800
Badlands	727	To Ironforge for Yagyin's Digest	40	30	780
Mage	1953	Return to the Marsh	40	35	320
Engineering	3632	Gnome Engineering	47	30	420
Engineering	3633	Goblin Engineering	47	30	420
Stranglethorn Vale	204	Bad Medicine	34	30	2700
Stranglethorn Vale	577	Some Assembly Required	36	31	1400
Arathi Highlands	687	Theldurin the Lost	40	30	1550
Badlands	703	Barbecued Buzzard Wings	40	33	2350
Stonetalon Mountains	1057	Reclaiming the Charred Vale	27	20	2200
Uldaman	2204	Restoring the Necklace	Dungeon 44	37	930
Desolace	5943	Gizelton Caravan	38	32	2850
Ashenvale	1041	The Caravan Road	30	25	1200
Warlock	1799	Fragments of the Orb of Orahil	40	35	3150
Mage	1957	Mana Surges	40	35	2350
Uldaman	2361	Restoring the Necklace	Dungeon 44	37	5600
Stranglethorn Vale	330	Patrol Schedules	37	30	290
Thousand Needles	1112	Parts for Kravel	36	30	1400
Duskwood	81738	Duskwood Mission IX: Recover Dragon Egg	Elite 27	23	1650
Tanaris	10	The Scrimshank Redemption	48	39	4400
Stranglethorn Vale	339	Chapter I	40	30	780
Uldaman	721	A Sign of Hope	Dungeon 35	35	2750
Ashenvale	1042	The Carevin Family	30	25	250
First Aid	6624	Triage	45	35	3900
Hillsbrad Foothills	559	Farren's Proof	32	25	2550
Hillsbrad Foothills	657	Hints of a New Plague?	36	30	0
Arathi Highlands	696	Attack on the Tower	Elite 39	30	3000
Warlock	4784	Components for the Enchanted Gold Bloodrobe	37	31	2100
Stranglethorn Vale	594	Message in a Bottle	45	45	2900
Arathi Highlands	681	Northfold Manor	31	30	2500
Ironforge	1453	Reclaimers' Business in Desolace	33	30	1300
Stranglethorn Vale	342	Chapter IV	40	30	780
Alterac Mountains	537	Dark Council	40	30	3150
Uldaman	2200	Back to Uldaman	Dungeon 42	37	2550
Stranglethorn Vale	574	Special Forces	38	30	2850
Desolace	1465	Vahlarriel's Search	33	30	1950
Warrior	1700	Grimand Elmore	28	20	570
Uldaman	2201	Find the Gems	Dungeon 43	37	3600
Engineering	3634	Gnome Engineering	47	30	420
Gnomeregan	4604	More Sparklematic Action	Dungeon 30	25	0
Gnomeregan	4606	The Sparklematic 5200!	Dungeon 30	25	2450
Warlock	4975	The Completed Orb of Noh'Orahil	40	35	3900
Badlands	720	A Sign of Hope	35	35	1350
Paladin	4485	The Tome of Nobility	40	40	320
Stranglethorn Vale	340	Chapter II	40	30	780
Stranglethorn Vale	624	Cortello's Riddle	43	35	3600
Arathi Highlands	667	Death From Below	44	35	4650
Ironforge	700	A King's Tribute	31	25	2500
Thousand Needles	1116	Dream Dust in the Swamp	36	30	3500
Dustwallow Marsh	1286	The Deserters	38	30	2850
Swamp of Sorrows	1392	Noboru the Cudgel	39	29	2250
Stranglethorn Vale	576	Keep An Eye Out	42	37	2550
Badlands	762	An Ambassador of Evil	Elite 44	35	4650
Thousand Needles	1175	A Bump in the Road	33	28	2650
Desolace	1454	The Karnitol Shipwreck	39	30	3000
Invasion	98471	Message from the Supreme Magister	35	30	1350
Westfall	48	Sweet Amber	44	40	3750
Stranglethorn Vale	206	Mai'Zoth	Elite 46	30	5050
Stranglethorn Vale	587	Up to Snuff	41	37	1650
Hillsbrad Foothills	658	Hints of a New Plague?	36	30	2800
Warrior	1708	Iron Coral	29	20	1750
Warlock	4783	Components for the Enchanted Gold Bloodrobe	37	31	2850
Desolace	6134	Ghost-o-plasm Round Up	39	34	2250
Westfall	50	Sweet Amber	44	40	4650
Hillsbrad Foothills	560	Farren's Proof	32	25	260
Uldaman	722	Amulet of Secrets	Dungeon 40	35	3150
Badlands	734	This Is Going to Be Hard	42	35	0
Tanaris	2874	Deliver to MacKinley	45	40	3900
The Hinterlands	2988	Witherbark Cages	45	40	3900
Alterac Mountains	523	Baron's Demise	40	30	3900
Hillsbrad Foothills	561	Farren's Proof	32	25	260
Arathi Highlands	653	Myzrael's Allies	40	30	2350
Thousand Needles	1107	Encrusted Tail Fins	Elite 35	28	3450
Thousand Needles	1114	Delivery to the Gnomes	36	30	700
Warrior	1710	Sunscorched Shells	30	20	1850
Mage	1955	The Exorcism	Elite 40	35	2350
Ironforge	2439	The Platinum Discs	47	40	420
Feralas	2767	Rescue OOX-22/FE!	45	40	4850
Tanaris	648	Rescue OOX-17/TN!	48	43	5450
Hillsbrad Foothills	659	Hints of a New Plague?	33	30	1300
Arathi Highlands	665	Sunken Treasure	40	35	3150
Arathi Highlands	695	An Apprentice's Enchantment	Elite 39	30	300
Desolace	1458	Reagents for Reclaimers Inc.	33	30	2650
Mage	1954	The Infernal Orb	40	35	2350
Gnomeregan	2971	<UNUSED>	Elite 32	23	3200
Engineering	3641	Show Your Work	47	30	3150
Warlock	4488	Summon Felsteed	40	40	320
Gnomeregan	4605	The Sparklematic 5200!	Dungeon 30	25	2450
Warlock	4976	Returning the Cleansed Orb	40	35	1550
Westfall	49	Sweet Amber	44	40	4650
Swamp of Sorrows	1389	Draenethyst Crystals	35	30	2750
Priest	79731	The Troll Scroll	35	1	2750
Desolace	1466	Reagents for Reclaimers Inc.	40	30	3150
Searing Gorge	3443	Forging the Shaft	48	40	4400
Duskwood	81739	Duskwood Mission X: Nightmare Moss	Elite 27	23	2200
Duskwood	81747	Duskwood Mission XVIII: Rescue Elenora Marshwalker	Elite 27	23	1650
Tanaris	351	Find OOX-17/TN!	48	43	4400
Alterac Mountains	511	Encrypted Letter	34	30	1350
Alterac Mountains	554	Stormpike's Deciphering	40	28	1550
Ironforge	689	A King's Tribute	31	25	2500
Duskwood	81745	Duskwood Mission XVI: Rescue Kroll Mountainshade	Elite 27	23	1650
Alterac Mountains	522	Assassin's Contract	38	30	710
Dustwallow Marsh	1177	Hungry!	36	32	2800
Thousand Needles	1179	The Brassbolts Brothers	30	28	2450
Desolace	1456	The Karnitol Shipwreck	39	30	3000
The Hinterlands	2989	The Altar of Zul	48	40	4400
Warlock	4487	Summon Felsteed	40	40	320
Warlock	4781	Components for the Enchanted Gold Bloodrobe	34	31	2000
Ashenvale	7863	Sentinel Basic Care Package	34	25	270
-	8405	Fight for Warsong Gulch	39	30	1500
Duskwood	81731	Duskwood Mission II: Defeat Ogres	Elite 27	23	2200
Duskwood	81743	Duskwood Mission XIV: Defeat Vvarc'zul	Elite 27	23	2200
Duskwood	81746	Duskwood Mission XVII: Rescue Alara Grovemender	Elite 27	23	1650
Stranglethorn Vale	348	Stranglethorn Fever	45	40	5850
Arathi Highlands	664	Drowned Sorrows	40	35	3150
Thousand Needles	1115	The Rumormonger	36	30	1400
Thousand Needles	1118	Back to Booty Bay	43	35	890
Stormwind City	1448	In Search of The Temple	Elite 43	38	3600
Warrior	1703	Mathiel	28	20	1150
Blacksmithing	2759	In Search of Galvan	40	40	1550
The Hinterlands	2990	Thadius Grimshade	47	40	2100
Gnomeregan	4601	The Sparklematic 5200!	Dungeon 30	25	0
Gnomeregan	4603	More Sparklematic Action	Dungeon 30	25	0
Warlock	4961	Cleansing of the Orb of Orahil	Elite 40	35	2350
Duskwood	81734	Duskwood Mission V: Worgen Intelligence	Elite 27	23	1650
Duskwood	81742	Duskwood Mission XIII: Defeat Ylanthrius	Elite 27	23	2200
Duskwood	81744	Duskwood Mission XV: Defeat Amokarok	Elite 27	23	2200
Westfall	51	Sweet Amber	44	40	4650
Stranglethorn Vale	617	Akiris by the Bundle	43	38	3600
Stranglethorn Vale	621	Zanzil's Secret	44	35	3750
Badlands	712	Study of the Elements: Rock	42	35	3450
Thousand Needles	1194	Rizzle's Schematics	41	29	1650
Warrior	1704	Klockmort Spannerspan	28	20	570
Ashenvale	7864	Sentinel Standard Care Package	44	35	380
Tanaris	113	Insect Part Analysis	48	39	440
Stranglethorn Vale	595	The Bloodsail Buccaneers	41	37	2450
Tanaris	2876	Ship Schedules	45	40	4850
Searing Gorge	3441	Divine Retribution	48	40	440
Stranglethorn Vale	608	The Bloodsail Buccaneers	45	37	4850
Badlands	711	Study of the Elements: Rock	39	35	3000
Desolace	1455	The Karnitol Shipwreck	39	30	1500
Searing Gorge	7728	STOLEN: Smithing Tuyere and Lookout's Spyglass	48	45	4400
Duskwood	81735	Duskwood Mission VI: Dragon Intelligence	Elite 27	23	1650
Tanaris	82	Noxious Lair Investigation	47	39	3150
Tanaris	110	Insect Part Analysis	48	39	440
Stranglethorn Vale	341	Chapter III	40	30	780
Badlands	715	Liquid Stone	37	35	2100
Paladin	1659	<UNUSED>	30	30	0
Searing Gorge	3442	The Flawless Flame	48	40	4400
Engineering	3629	Goblin Engineering	47	30	420
Paladin	4486	The Tome of Nobility	40	40	320
Duskwood	81741	Duskwood Mission XII: Dream-Touched Dragonscale	Elite 27	23	2200
Alterac Mountains	514	Letter to Stormpike	34	30	1350
Stranglethorn Vale	597	The Bloodsail Buccaneers	41	37	2450
Stranglethorn Vale	625	Cortello's Riddle	43	35	3600
Badlands	725	Passing Word of a Threat	40	35	1550
Dustwallow Marsh	1219	The Orc Report	35	30	690
Dustwallow Marsh	1288	Vimes's Report	38	30	290
Tanaris	2781	WANTED: Caliph Scorpidsting	46	39	5050
Engineering	3638	The Pledge of Secrecy	47	30	420
Arathi Highlands	8384	Claiming Arathi Basin	PvP 29	20	1200
Duskwood	81732	Duskwood Mission III: Defeat Dragonkin	Elite 27	23	2200
Duskwood	81733	Duskwood Mission IV: Ogre Intelligence	Elite 27	23	1650
Duskwood	81736	Duskwood Mission VII: Recover Shadowscythe	Elite 27	23	1650
Arathi Highlands	668	Sunken Treasure	40	35	1550
Arathi Highlands	670	Sunken Treasure	40	35	3150
Badlands	714	Gyro... What?	37	35	2850
Azshara	5536	A Land Filled with Hatred	47	45	4200
Duskwood	81737	Duskwood Mission VIII: Recover Ogre Magi text	Elite 27	23	1650
Duskwood	81740	Duskwood Mission XI: Cold Iron Ore	Elite 27	23	2200
Badlands	716	Stone Is Better than Cloth	42	35	2550
Blacksmithing	2760	The Mithril Order	40	40	3150
Feralas	2867	Return to Feathermoon Stronghold	43	40	1800
Feralas	3567	To the Top	25	25	0
Warlock	4782	Components for the Enchanted Gold Bloodrobe	34	31	1350
Stranglethorn Vale	209	Skullsplitter Tusks	42	37	3450
Stormwind City	212	A Meal Served Cold	40	35	4700
Alterac Mountains	525	Further Mysteries	34	30	1350
Alterac Mountains	551	The Ensorcelled Parchment	40	30	780
Stranglethorn Vale	578	The Stone of the Tides	37	32	2850
Badlands	724	Prospect of Faith	40	35	3150
Badlands	777	This Is Going to Be Hard	42	35	0
Tanaris	1707	Water Pouch Bounty	44	40	2800
Uldaman	2279	The Platinum Discs	47	40	5250
Loch Modan	2500	Badlands Reagent Run	39	36	3000
Gnomeregan	4602	The Sparklematic 5200!	Dungeon 30	25	0
Tanaris	8365	Pirate Hats Ahoy!	45	40	3900
Tanaris	8366	Southsea Shakedown	45	40	3900
-	8404	Fight for Warsong Gulch	29	20	1200
Felwood	8460	Timbermaw Ally	48	45	4400
Arathi Highlands	662	Deep Sea Salvage	40	35	3150
Arathi Highlands	693	Wand over Fist	39	30	3000
Badlands	719	A Dwarf and His Tools	35	35	2750
Badlands	723	Prospect of Faith	40	35	2350
Dustwallow Marsh	1253	The Black Shield	35	30	690
Blacksmithing	2758	The Origins of Smithing	40	40	3150
Warlock	4736	In Search of Menara Voidrender	31	31	630
Arathi Basin	8260	Arathor Basic Care Package	34	25	270
Ironforge	683	Sara Balloo's Plea	30	25	1200
Badlands	706	Fiery Blaze Enchantments	Elite 45	40	3900
Tanaris	2873	Stoley's Shipment	45	40	3900
Feralas	3842	A Short Incubation	47	38	2100
Feralas	7003	Zapped Giants	48	45	4400
Seasonal	79637	A Ticking Present	40	20	0
Alterac Mountains	510	Foreboding Plans	34	26	1350
Alterac Mountains	512	Noble Deaths	36	26	2800
Stranglethorn Vale	593	Filling the Soul Gem	46	1	0
Stranglethorn Vale	604	The Bloodsail Buccaneers	43	37	3600
Tanaris	2741	The Super Egg-O-Matic	47	42	4200
Feralas	2766	Find OOX-22/FE!	45	40	3900
Uldaman	3375	Replacement Phial	42	37	0
Azshara	3381	A Meeting with the Master	48	45	2200
Arathi Basin	8263	Defiler's Basic Care Package	34	25	270
Stranglethorn Vale	205	Troll Witchery	40	30	3150
Stranglethorn Vale	622	Return to Corporal Kaleb	37	32	2850
Stranglethorn Vale	623	Akiris by the Bundle	43	38	2700
Badlands	713	Coolant Heads Prevail	37	35	2850
The Hinterlands	836	Rescue OOX-09/HL!	48	43	5450
Dustwallow Marsh	1252	Lieutenant Paval Reethe	40	30	780
The Hinterlands	1450	Gryphon Master Talonaxe	43	38	890
Engineering	3630	Gnome Engineering	47	30	420
Stranglethorn Vale	207	Kurzen's Mystery	38	30	3550
Arathi Highlands	669	Sunken Treasure	40	35	3150
Badlands	708	The Black Box	40	30	2350
Badlands	710	Study of the Elements: Rock	37	35	2850
Thousand Needles	1192	Indurium Ore	42	29	0
The Hinterlands	1452	Rhapsody's Kalimdor Kocktail	43	38	3600
Desolace	1459	Reagents for Reclaimers Inc.	35	30	2750
The Hinterlands	1469	Rhapsody's Tale	43	38	2700
Blacksmithing	2763	The Art of the Imbue	45	40	3900
Feralas	2939	In Search of Knowledge	47	42	420
Tanaris	3161	Gahz'ridian	48	43	4400
Midsummer	9389	Flickering Flames in the Eastern Kingdoms	25	1	1500
Stranglethorn Vale	601	Water Elementals	37	32	2850
Stranglethorn Vale	611	The Curse of the Tides	Elite 40	32	3150
Ironforge	686	A King's Tribute	30	25	1200
Warlock	4962	Shard of a Felhound	40	35	2350
Blacksmithing	5284	The Way of the Weaponsmith	40	40	3150
Stranglethorn Vale	203	The Second Rebellion	33	30	1950
Arathi Highlands	636	Legends of the Earth <NYI>	35	30	280
Thousand Needles	1119	Zanzil's Mixture and a Fool's Stout	44	35	3750
Dustwallow Marsh	1220	Captain Vimes	35	30	2750
Stormwind City	1364	Mazen's Behest	41	37	3300
Paladin	1660	<UNUSED>	30	30	0
Searing Gorge	4450	Ledger from Tanaris	46	43	5050
Warlock	4963	Shard of an Infernal	40	35	2350
Stranglethorn Vale	599	The Bloodsail Buccaneers	41	37	820
Arathi Highlands	663	Land Ho!	35	35	690
Arathi Highlands	691	Worth Its Weight in Gold	36	30	3500
Thousand Needles	1190	Keeping Pace	41	29	1650
Dustwallow Marsh	1283	Fire at the Shady Rest <CHANGE TO GOSSIP>	35	30	0
Tanaris	1878	Water Pouch Bounty	44	40	380
Feralas	2821	The Mark of Quality	46	40	4050
Arathi Basin	8168	The Battle for Arathi Basin!	PvP 25	20	2000
Arathi Basin	8374	Claiming Arathi Basin	PvP 29	20	2350
Stranglethorn Vale	8551	The Captain's Chest	Elite 47	35	3150
Stranglethorn Vale	198	Supplies to Private Thorsen	32	30	640
Duskwood	254	Digging Through the Dirt	35	20	0
Stranglethorn Vale	349	Stranglethorn Fever	35	32	0
Badlands	726	Passing Word of a Threat	40	35	2350
Leatherworking	2850	Wild Leather Helmet	45	30	2900
Feralas	2870	Against Lord Shalzaru	45	40	2900
Feralas	2871	Delivering the Relic	45	40	3900
The Hinterlands	2992	The Divination	47	40	1050
The Hinterlands	2993	Return to the Hinterlands	Elite 47	40	2100
Searing Gorge	3181	The Horn of the Beast	Elite 48	40	5450
Arathi Basin	8391	Claiming Arathi Basin	PvP 39	30	1500
Warsong Gulch	8399	Fight for Warsong Gulch	PvP 29	20	2350
Stranglethorn Vale	210	Krazek's Cookery	37	32	1400
Stranglethorn Vale	616	The Haunted Isle	37	32	290
Dustwallow Marsh	1271	Feast at the Blue Recluse	37	30	0
Dustwallow Marsh	1319	The Black Shield	35	30	280
Swamp of Sorrows	1425	Deliver the Shipment	42	30	2550
The Hinterlands	1451	Rhapsody Shindigger	43	38	1800
Loch Modan	2501	Badlands Reagent Run II	Elite 44	40	3750
Feralas	2944	The Super Snapper FX	Elite 48	42	4400
Feralas	7721	Fuel for the Zapping	48	45	4400
The Hinterlands	485	Find OOX-09/HL!	48	43	4400
Dustwallow Marsh	1222	Stinky's Escape	37	30	2850
Dustwallow Marsh	1284	Suspicious Hoofprints	35	30	1350
The Hinterlands	2881	Troll Necklace Bounty	45	40	390
Feralas	4266	A Hero's Welcome	46	40	6050
Warlock	4785	Fine Gold Thread	37	31	0
Thousand Needles	1120	Get the Gnomes Drunk	44	35	380
Thousand Needles	1122	Report Back to Fizzlebub	44	35	1850
Dustwallow Marsh	1258	... and Bugs	40	33	3150
Blacksmithing	2771	A Good Head On Your Shoulders	45	40	3900
Warlock	4738	In Search of Menara Voidrender	31	31	630
Arathi Basin	8167	The Battle for Arathi Basin!	PvP 35	30	2750
Dustwallow Marsh	1320	The Black Shield	35	30	1350
Stormwind City	1477	Vital Supplies	45	40	970
Leatherworking	2848	Wild Leather Shoulders	45	30	2900
Thousand Needles	4323	<NYI> <TXT> Get those Hyenas!!!	26	24	2100
Searing Gorge	4449	Caught!	45	43	3900
First Aid	6625	Alliance Trauma	45	35	970
Arathi Basin	8156	Arathi Basin Resources!	PvP 35	30	2750
Arathi Basin	8166	The Battle for Arathi Basin!	PvP 45	40	3900
Warsong Gulch	8400	Fight for Warsong Gulch	PvP 39	30	3000
Stranglethorn Vale	602	Magical Analysis	37	32	1400
Stranglethorn Vale	614	The Captain's Chest	Elite 47	35	3150
Badlands	733	Scrounging	40	35	3150
Tanaris	992	Gadgetzan Water Survey	46	38	3050
Dustwallow Marsh	1263	The Burning Inn <CHANGE TO GOSSIP>	35	30	0
Swamp of Sorrows	1423	The Lost Supplies	40	30	0
Warlock	4968	Knowledge of the Orb of Orahil	35	35	1350
Feralas	7735	Pristine Yeti Hide	48	40	2200
Warsong Gulch	7874	Quell the Silverwing Usurpers	PvP 35	30	2750
Warlock	4965	Knowledge of the Orb of Orahil	35	35	1350
Arathi Basin	8393	Claiming Arathi Basin	PvP 39	30	3000
Dustwallow Marsh	1282	They Call Him Smiling Jim	35	30	280
Dustwallow Marsh	1285	Daelin's Men	38	30	290
Stormwind City	1449	To The Hinterlands	43	38	1800
Tanaris	2875	WANTED: Andre Firebeard	45	40	3900
Feralas	2972	Doling Justice	47	38	5250
Engineering	3640	The Pledge of Secrecy	47	30	420
Rut'theran Village	3661	Favored of Elune?	47	42	4200
Arathi Basin	8161	Cut Arathor Supply Lines	PvP 35	30	2750
Stranglethorn Vale	627	Favor for Krazek	37	32	2100
Feralas	2866	The Ruins of Solarsal	43	40	2700
Feralas	2940	Feralas: A History	47	42	420
Engineering	3645	Membership Card Renewal	47	30	0
Feralas	4281	Thalanaar Delivery	44	40	2800
Swamp of Sorrows	1396	Encroaching Wildlife	37	30	2850
Tanaris	1691	More Wastewander Justice	44	40	3750
Searing Gorge	7729	JOB OPPORTUNITY: Culling the Competition	48	45	4400
Arathi Basin	8261	Arathor Standard Care Package	44	35	380
Desolace	1277	<nyi> <TXT> The Centaur Hoofprints	40	30	0
Duskwood	1395	Supplies for Nethergarde	45	40	2900
Desolace	1461	<UNUSED>	37	30	0
Tanaris	1690	Wastewander Justice	43	40	3600
Leatherworking	2853	Master of the Wild Leather	45	30	3900
Feralas	2943	Return to Troyas	48	42	3300
Paladin	3023	<UNUSED>	30	30	0
Feralas	4127	Boat Wreckage	44	40	380
Searing Gorge	4451	The Key to Freedom	47	43	5250
Blacksmithing	5283	The Art of the Armorsmith	40	40	3150
Azshara	5535	Spiritual Unrest	47	45	4200
Desolace	6132	Get Me Out of Here!	39	34	2250
Shaman	987	<UNUSED>	30	30	0
Swamp of Sorrows	1398	Driftwood	42	30	3450
Swamp of Sorrows	1421	The Lost Caravan	35	30	2750
Feralas	2982	The High Wilderness	44	39	3750
Engineering	3644	Membership Card Renewal	47	30	0
Feralas	4265	Freed from the Hive	46	40	4050
Cooking	6612	I Know A Guy...	45	35	970
Midsummer	9388	Flickering Flames in Kalimdor	25	1	1500
Stonetalon Mountains	1083	Enraged Spirits	26	20	2100
Thousand Needles	1121	Get the Goblins Drunk	44	35	380
Dustwallow Marsh	1259	Lieutenant Paval Reethe	40	30	320
Dustwallow Marsh	1272	Finding Reethe <CHANGE INTO GOSSIP>	37	30	0
Leatherworking	2847	Wild Leather Armor	45	30	1950
Tanaris	3022	Handle With Care	47	42	2100
Felwood	6131	Timbermaw Ally	48	45	0
Desolace	1441	<UNUSED>	33	30	3300
Feralas	7733	Improved Quality	48	40	4400
Stranglethorn Vale	603	Ansirem's Key	37	32	1400
Badlands	718	Mirages	38	35	2150
Blacksmithing	2772	The World At Your Feet	45	40	3900
Feralas	2869	Against the Hatecrest	43	40	2700
The Hinterlands	2880	Troll Necklace Bounty	45	40	3900
Feralas	3843	The Newest Member of the Family	47	38	4200
Winter Veil	8769	A Ticking Present	40	40	0
Tanaris	8893	The Super Egg-O-Matic	47	42	0
Stranglethorn Vale	610	Pretty Boy Duncan	39	32	2250
Badlands	732	Tremors of the Earth	43	40	3600
Stranglethorn Vale	1127	Fool's Stout	44	35	0
Thousand Needles	1191	Zamek's Distraction	41	29	0
Leatherworking	2852	Wild Leather Leggings	45	30	2900
Feralas	2941	The Borrower	48	42	1100
Loch Modan	3182	Proof of Deed	Elite 48	40	4400
Searing Gorge	3367	Suntara Stones	48	40	4400
Engineering	3646	Membership Card Renewal	47	30	0
Feralas	3841	An Orphan Looking For a Home	47	38	1050
Feralas	4298	Becoming a Parent	48	37	440
Stonetalon Mountains	1084	Wounded Ancients	28	22	2300
Treasure Map	2882	Cuergo's Gold	45	40	0
Azshara	3515	<UNUSED>	42	45	3450
Darnassus	3622	<UNUSED>	41	41	0
Feralas	4129	The Knife Revealed	44	40	380
Engineering	4181	Goblin Engineering	47	30	420
Warsong Gulch	7871	Vanquish the Invaders!	PvP 35	30	2750
Dustwallow Marsh	1204	Mudrock Soup and Bugs	38	33	2850
Blacksmithing	2761	Smelt On Smelt Off	45	40	3900
Leatherworking	2849	Wild Leather Vest	45	30	2900
The Hinterlands	2877	Skulk Rock Clean-up	48	40	4400
Feralas	3130	Against the Hatecrest	43	40	360
-	3482	<NYI> <TXT> The Pocked Black Box	35	30	280
Feralas	4125	The Missing Courier	43	40	2700
Feralas	4135	The Writhing Deep	46	40	3050
-	242	<UNUSED>	30	25	0
Dustwallow Marsh	1281	Jim's Song <CHANGE TO GOSSIP>	35	30	0
Desolace	1460	<UNUSED>	37	30	0
Blacksmithing	2762	The Great Silver Deceiver	45	40	3900
Ironforge	3201	At Last!	Elite 48	40	4400
Feralas	4267	Rise of the Silithid	46	40	410
Dustwallow Marsh	1260	Morgan Stern	38	33	710
Stormwind City	1363	Mazen's Behest	41	37	330
Leatherworking	2851	Wild Leather Boots	45	30	2900
Engineering	3647	Membership Card Renewal	47	30	0
Feralas	4131	The Woodpaw Gnolls	44	40	2800
Blacksmithing	2773	The Mithril Kid	45	40	3900
Feralas	2970	Doling Justice	47	38	3150
Searing Gorge	3368	Suntara Stones	48	40	4400
Feralas	4297	Food for Baby	47	38	4200
Fishing	6609	I Got Nothin' Left!	45	35	970
Feralas	4130	Psychometric Reading	44	40	380
Warsong Gulch	7875	Quell the Silverwing Usurpers	PvP 45	40	3900
Feralas	2969	Freedom for All Creatures	47	38	3150
Azshara	3401	<UNUSED>	48	53	0
Paladin	1662	<UNUSED>	40	40	0
Azshara	3404	<UNUSED>	48	53	0
Azshara	3423	<UNUSED>	45	45	0
Azshara	3424	<UNUSED>	45	45	0
Warsong Gulch	7872	Vanquish the Invaders!	PvP 45	40	3900
Arathi Basin	8160	Cut Arathor Supply Lines	PvP 45	40	3900
Blacksmithing	2764	Galvan's Finest Pupil	45	40	2900
Tanaris	3064	<NYI> <TXT> Pirate Hats	45	40	0
Azshara	3422	<UNUSED>	45	45	0
Azshara	3425	<UNUSED>	48	48	0
Feralas	4124	The Missing Courier	43	40	360
Azshara	3403	<UNUSED>	48	53	0
Azshara	3405	<UNUSED>	48	55	0
Arathi Basin	8154	Arathi Basin Resources!	PvP 45	40	3900
Paladin	1663	<UNUSED>	40	40	0
Paladin	1664	<UNUSED>	40	40	0
Ahn'Qiraj War	8848	Fifteen Signets for War Supplies	39	30	0
-	1278	<nyi> <TXT> The Grim Totem Clan	45	30	0
Ahn'Qiraj War	8847	Ten Signets for War Supplies	29	20	0
Stranglethorn Vale	97420	Reduce Reuse Reconcile	36	31	2800